Label,trmb_tbsP_glucose,,,,,,,,,,,,,,,,,,,,,,,,,,,,,,,,,,,,,,,,,,,,,,,,,,,,,,,,,,,,,,,,,,,,,,,,,,,,,,,,,,,,,,,,,,,,,,,,,,,,,,,,,,,,
Info,"testing growth of trmB, tbsP, and double mutant with and without glucose in HvCA medium",,,,,,,,,,,,,,,,,,,,,,,,,,,,,,,,,,,,,,,,,,,,,,,,,,,,,,,,,,,,,,,,,,,,,,,,,,,,,,,,,,,,,,,,,,,,,,,,,,,,,,,,,,,,
Time,Blank,noGlu_pyrE_1,noGlu_pyrE_2,noGlu_pyrE_3,noGlu_pyrE_4,noGlu_pyrE_5,noGlu_pyrE_6,noGlu_pyrE_7,noGlu_pyrE_8,noGlu_pyrE_9,noGlu_tbsP_1,noGlu_tbsP_2,noGlu_tbsP_3,noGlu_tbsP_4,noGlu_tbsP_5,noGlu_tbsP_6,noGlu_tbsP_7,noGlu_tbsP_8,noGlu_tbsP_9,noGlu_trmB_1,noGlu_trmB_2,noGlu_trmB_3,noGlu_trmB_4,noGlu_trmB_5,noGlu_trmB_6,noGlu_trmB_7,noGlu_trmB_8,noGlu_trmB_9,noGlu_trmBtbsP_1,noGlu_trmBtbsP_2,noGlu_trmBtbsP_3,noGlu_trmBtbsP_4,noGlu_trmBtbsP_5,noGlu_trmBtbsP_6,noGlu_trmBtbsP_7,noGlu_trmBtbsP_8,noGlu_trmBtbsP_9,Glu001_pyrE_1,Glu001_pyrE_2,Glu001_pyrE_3,Glu001_pyrE_4,Glu001_pyrE_5,Glu001_pyrE_6,Glu001_pyrE_7,Glu001_pyrE_8,Glu001_pyrE_9,Glu001_tbsP_1,Glu001_tbsP_2,Glu001_tbsP_3,Glu001_tbsP_4,Glu001_tbsP_5,Glu001_tbsP_6,Glu001_tbsP_7,Glu001_tbsP_8,Glu001_tbsP_9,Glu001_trmB_1,Glu001_trmB_2,Glu001_trmB_3,Glu001_trmB_4,Glu001_trmB_5,Glu001_trmB_6,Glu001_trmB_7,Glu001_trmB_8,Glu001_trmB_9,Glu001_trmBtbsP_1,Glu001_trmBtbsP_2,Glu001_trmBtbsP_3,Glu001_trmBtbsP_4,Glu001_trmBtbsP_5,Glu001_trmBtbsP_6,Glu001_trmBtbsP_7,Glu001_trmBtbsP_8,Glu001_trmBtbsP_9,Glu05_pyrE_1,Glu05_pyrE_2,Glu05_pyrE_3,Glu05_pyrE_4,Glu05_pyrE_5,Glu05_pyrE_6,Glu05_pyrE_7,Glu05_pyrE_8,Glu05_pyrE_9,Glu05_tbsP_1,Glu05_tbsP_2,Glu05_tbsP_3,Glu05_tbsP_4,Glu05_tbsP_5,Glu05_tbsP_6,Glu05_tbsP_7,Glu05_tbsP_8,Glu05_tbsP_9,Glu05_trmB_1,Glu05_trmB_2,Glu05_trmB_3,Glu05_trmB_4,Glu05_trmB_5,Glu05_trmB_6,Glu05_trmB_7,Glu05_trmB_8,Glu05_trmB_9,Glu05_trmBtbsP_1,Glu05_trmBtbsP_2,Glu05_trmBtbsP_3,Glu05_trmBtbsP_4,Glu05_trmBtbsP_5,Glu05_trmBtbsP_6,Glu05_trmBtbsP_7,Glu05_trmBtbsP_8,Glu05_trmBtbsP_9
0,0,0.063,0.063,0.062,0.066,0.068,0.067,0.065,0.066,0.068,0.062,0.061,0.062,0.066,0.065,0.067,0.064,0.063,0.065,0.063,0.062,0.061,0.065,0.065,0.066,0.065,0.064,0.066,0.061,0.06,0.061,0.063,0.063,0.064,0.062,0.062,0.064,0.062,0.063,0.063,0.067,0.067,0.068,0.064,0.065,0.069,0.062,0.062,0.063,0.065,0.066,0.065,0.064,0.063,0.067,0.062,0.062,0.063,0.066,0.066,0.067,0.065,0.064,0.067,0.061,0.06,0.061,0.062,0.063,0.065,0.063,0.062,0.065,0.063,0.063,0.065,0.067,0.067,0.069,0.065,0.065,0.068,0.062,0.062,0.065,0.065,0.065,0.066,0.064,0.062,0.065,0.062,0.062,0.067,0.066,0.066,0.065,0.064,0.064,0.066,0.061,0.06,0.064,0.063,0.063,0.065,0.064,0.062,0.064
0.5,0,0.063,0.063,0.062,0.066,0.067,0.065,0.064,0.065,0.068,0.064,0.063,0.063,0.067,0.065,0.067,0.064,0.063,0.063,0.063,0.063,0.062,0.066,0.065,0.064,0.064,0.063,0.064,0.061,0.061,0.061,0.062,0.062,0.064,0.061,0.063,0.062,0.062,0.063,0.062,0.066,0.067,0.065,0.064,0.064,0.067,0.064,0.064,0.063,0.065,0.066,0.064,0.064,0.063,0.065,0.064,0.063,0.062,0.066,0.066,0.065,0.064,0.064,0.065,0.061,0.061,0.062,0.062,0.063,0.063,0.063,0.063,0.063,0.063,0.063,0.063,0.067,0.066,0.067,0.064,0.064,0.067,0.063,0.063,0.063,0.065,0.064,0.064,0.063,0.061,0.063,0.063,0.062,0.065,0.065,0.065,0.063,0.064,0.063,0.064,0.062,0.06,0.063,0.063,0.062,0.063,0.064,0.062,0.062
1,0,0.061,0.062,0.061,0.063,0.065,0.064,0.062,0.063,0.066,0.062,0.061,0.061,0.065,0.063,0.065,0.061,0.062,0.063,0.061,0.061,0.06,0.064,0.064,0.063,0.063,0.062,0.063,0.06,0.06,0.06,0.061,0.062,0.062,0.061,0.061,0.062,0.061,0.062,0.062,0.064,0.065,0.065,0.062,0.063,0.067,0.061,0.062,0.062,0.064,0.064,0.062,0.062,0.061,0.064,0.062,0.061,0.061,0.064,0.064,0.064,0.062,0.062,0.064,0.06,0.06,0.061,0.061,0.062,0.062,0.061,0.061,0.062,0.062,0.062,0.062,0.064,0.064,0.066,0.062,0.063,0.065,0.061,0.061,0.062,0.064,0.063,0.063,0.061,0.06,0.062,0.061,0.061,0.064,0.064,0.064,0.063,0.062,0.062,0.063,0.061,0.059,0.063,0.061,0.061,0.062,0.063,0.061,0.062
1.5,0,0.062,0.063,0.062,0.064,0.066,0.064,0.063,0.065,0.068,0.064,0.062,0.062,0.066,0.065,0.067,0.063,0.063,0.064,0.062,0.063,0.061,0.065,0.064,0.064,0.064,0.063,0.064,0.061,0.061,0.06,0.062,0.062,0.063,0.061,0.062,0.062,0.062,0.063,0.062,0.065,0.066,0.066,0.064,0.064,0.068,0.062,0.063,0.063,0.065,0.066,0.063,0.063,0.062,0.065,0.063,0.063,0.062,0.065,0.064,0.065,0.064,0.063,0.065,0.061,0.061,0.061,0.062,0.062,0.063,0.062,0.062,0.063,0.063,0.063,0.063,0.065,0.065,0.066,0.064,0.065,0.065,0.062,0.063,0.063,0.065,0.064,0.064,0.063,0.061,0.063,0.063,0.062,0.065,0.065,0.064,0.063,0.063,0.063,0.064,0.061,0.06,0.063,0.062,0.062,0.063,0.063,0.061,0.063
2,0,0.062,0.062,0.062,0.064,0.067,0.065,0.063,0.065,0.069,0.063,0.062,0.062,0.066,0.064,0.066,0.062,0.062,0.064,0.062,0.062,0.061,0.065,0.064,0.064,0.063,0.063,0.064,0.061,0.061,0.061,0.062,0.062,0.064,0.062,0.062,0.063,0.062,0.063,0.062,0.065,0.066,0.066,0.063,0.064,0.069,0.062,0.063,0.062,0.064,0.065,0.064,0.062,0.062,0.066,0.064,0.062,0.062,0.064,0.064,0.065,0.064,0.063,0.065,0.061,0.06,0.061,0.062,0.062,0.064,0.062,0.062,0.064,0.064,0.063,0.064,0.065,0.065,0.067,0.064,0.065,0.067,0.062,0.062,0.063,0.064,0.063,0.065,0.062,0.061,0.064,0.063,0.061,0.065,0.064,0.064,0.064,0.063,0.063,0.064,0.062,0.06,0.064,0.062,0.061,0.064,0.063,0.062,0.063
2.5,0,0.062,0.062,0.062,0.064,0.066,0.064,0.063,0.065,0.068,0.063,0.061,0.062,0.066,0.065,0.066,0.062,0.063,0.064,0.062,0.062,0.06,0.064,0.064,0.064,0.064,0.063,0.063,0.061,0.061,0.061,0.062,0.062,0.064,0.062,0.062,0.063,0.062,0.063,0.062,0.065,0.065,0.066,0.063,0.064,0.068,0.062,0.063,0.063,0.065,0.065,0.063,0.063,0.062,0.065,0.064,0.062,0.062,0.064,0.064,0.065,0.064,0.063,0.065,0.061,0.061,0.062,0.061,0.062,0.063,0.063,0.062,0.063,0.064,0.063,0.064,0.065,0.064,0.067,0.064,0.065,0.066,0.062,0.062,0.064,0.065,0.064,0.064,0.063,0.061,0.063,0.062,0.061,0.065,0.064,0.064,0.063,0.064,0.063,0.064,0.062,0.06,0.065,0.062,0.061,0.063,0.064,0.062,0.063
3,0,0.064,0.063,0.063,0.066,0.068,0.066,0.065,0.066,0.069,0.065,0.063,0.063,0.068,0.066,0.069,0.064,0.064,0.068,0.063,0.063,0.061,0.066,0.065,0.065,0.065,0.064,0.065,0.062,0.061,0.061,0.063,0.063,0.067,0.064,0.063,0.066,0.064,0.064,0.062,0.066,0.067,0.067,0.064,0.066,0.069,0.064,0.065,0.063,0.066,0.067,0.066,0.064,0.064,0.069,0.065,0.063,0.062,0.066,0.065,0.066,0.065,0.064,0.066,0.062,0.061,0.062,0.062,0.062,0.065,0.064,0.064,0.067,0.065,0.064,0.065,0.066,0.066,0.068,0.065,0.067,0.068,0.064,0.063,0.064,0.066,0.065,0.067,0.064,0.061,0.067,0.064,0.063,0.066,0.065,0.066,0.064,0.065,0.064,0.065,0.062,0.06,0.068,0.063,0.062,0.066,0.065,0.062,0.066
3.5,0,0.064,0.064,0.064,0.064,0.067,0.066,0.065,0.067,0.068,0.065,0.064,0.065,0.066,0.065,0.068,0.065,0.066,0.066,0.063,0.064,0.063,0.064,0.064,0.065,0.065,0.065,0.065,0.063,0.063,0.063,0.063,0.064,0.066,0.064,0.065,0.066,0.064,0.065,0.064,0.065,0.066,0.067,0.065,0.066,0.068,0.064,0.066,0.064,0.065,0.065,0.066,0.065,0.066,0.067,0.065,0.064,0.063,0.065,0.064,0.066,0.065,0.065,0.066,0.064,0.063,0.063,0.064,0.064,0.066,0.066,0.065,0.066,0.066,0.065,0.066,0.066,0.065,0.067,0.066,0.067,0.066,0.064,0.064,0.066,0.065,0.065,0.066,0.066,0.065,0.066,0.064,0.063,0.066,0.064,0.064,0.065,0.065,0.065,0.065,0.064,0.062,0.066,0.064,0.063,0.066,0.066,0.065,0.066
4,0,0.062,0.062,0.062,0.064,0.066,0.065,0.063,0.065,0.067,0.063,0.063,0.063,0.065,0.065,0.066,0.063,0.065,0.065,0.062,0.062,0.06,0.063,0.064,0.064,0.063,0.063,0.064,0.062,0.061,0.062,0.063,0.063,0.065,0.063,0.063,0.065,0.062,0.063,0.062,0.064,0.065,0.066,0.064,0.065,0.067,0.063,0.064,0.064,0.063,0.065,0.065,0.064,0.065,0.066,0.063,0.062,0.061,0.064,0.064,0.065,0.064,0.063,0.065,0.062,0.061,0.063,0.063,0.063,0.065,0.064,0.064,0.066,0.064,0.063,0.064,0.065,0.065,0.066,0.064,0.066,0.066,0.063,0.063,0.065,0.064,0.064,0.065,0.065,0.064,0.065,0.062,0.061,0.065,0.063,0.064,0.064,0.063,0.063,0.065,0.062,0.06,0.065,0.063,0.061,0.065,0.065,0.063,0.065
4.5,0,0.063,0.063,0.063,0.066,0.067,0.066,0.065,0.067,0.067,0.064,0.063,0.064,0.066,0.066,0.067,0.065,0.067,0.069,0.062,0.062,0.061,0.065,0.065,0.065,0.064,0.065,0.065,0.062,0.062,0.063,0.064,0.064,0.07,0.065,0.065,0.068,0.063,0.064,0.062,0.066,0.067,0.067,0.065,0.066,0.068,0.064,0.065,0.064,0.066,0.066,0.067,0.066,0.066,0.07,0.064,0.063,0.062,0.066,0.066,0.066,0.065,0.065,0.066,0.063,0.061,0.064,0.064,0.064,0.067,0.065,0.065,0.068,0.066,0.064,0.066,0.066,0.066,0.068,0.065,0.067,0.068,0.064,0.064,0.068,0.065,0.065,0.067,0.066,0.064,0.068,0.063,0.062,0.067,0.066,0.066,0.064,0.065,0.065,0.066,0.063,0.061,0.066,0.064,0.062,0.067,0.067,0.064,0.067
5,0,0.065,0.065,0.064,0.066,0.068,0.067,0.066,0.068,0.069,0.066,0.065,0.065,0.068,0.066,0.077,0.071,0.072,0.075,0.063,0.063,0.062,0.065,0.065,0.066,0.066,0.067,0.065,0.064,0.063,0.064,0.065,0.065,0.075,0.067,0.07,0.074,0.065,0.065,0.064,0.067,0.068,0.068,0.066,0.068,0.07,0.066,0.067,0.065,0.069,0.067,0.074,0.071,0.072,0.077,0.066,0.064,0.063,0.066,0.066,0.068,0.067,0.067,0.067,0.064,0.063,0.065,0.065,0.065,0.074,0.067,0.068,0.075,0.067,0.066,0.069,0.067,0.066,0.069,0.067,0.069,0.068,0.065,0.065,0.074,0.068,0.07,0.074,0.072,0.071,0.074,0.064,0.063,0.068,0.065,0.066,0.066,0.066,0.067,0.067,0.065,0.062,0.068,0.065,0.065,0.074,0.068,0.068,0.075
5.5,0,0.065,0.064,0.065,0.068,0.069,0.068,0.066,0.068,0.071,0.065,0.065,0.065,0.071,0.07,0.073,0.069,0.069,0.072,0.063,0.063,0.062,0.066,0.066,0.066,0.065,0.066,0.066,0.064,0.064,0.064,0.065,0.066,0.067,0.068,0.067,0.067,0.065,0.066,0.064,0.069,0.069,0.072,0.066,0.068,0.071,0.066,0.066,0.066,0.067,0.071,0.073,0.069,0.069,0.072,0.065,0.064,0.064,0.067,0.068,0.068,0.066,0.067,0.068,0.064,0.063,0.068,0.065,0.065,0.072,0.068,0.067,0.068,0.066,0.066,0.068,0.068,0.068,0.072,0.067,0.068,0.072,0.065,0.065,0.067,0.067,0.067,0.068,0.069,0.068,0.071,0.064,0.064,0.068,0.066,0.068,0.066,0.066,0.067,0.067,0.065,0.062,0.069,0.066,0.064,0.067,0.068,0.066,0.067
6,0,0.064,0.064,0.063,0.065,0.069,0.067,0.066,0.067,0.07,0.066,0.065,0.066,0.069,0.069,0.07,0.066,0.066,0.069,0.063,0.063,0.062,0.065,0.066,0.065,0.064,0.064,0.066,0.065,0.064,0.066,0.066,0.065,0.068,0.065,0.064,0.068,0.065,0.065,0.064,0.068,0.069,0.07,0.066,0.068,0.071,0.066,0.068,0.067,0.068,0.07,0.069,0.067,0.067,0.071,0.065,0.064,0.063,0.065,0.067,0.068,0.066,0.066,0.068,0.065,0.064,0.069,0.066,0.065,0.069,0.066,0.065,0.069,0.067,0.066,0.067,0.069,0.069,0.071,0.067,0.07,0.069,0.065,0.067,0.069,0.068,0.068,0.069,0.067,0.066,0.069,0.064,0.063,0.067,0.066,0.066,0.067,0.065,0.066,0.067,0.065,0.063,0.073,0.066,0.064,0.069,0.067,0.064,0.068
6.5,0,0.068,0.066,0.067,0.07,0.072,0.07,0.069,0.07,0.074,0.072,0.07,0.07,0.074,0.072,0.076,0.074,0.073,0.074,0.066,0.066,0.066,0.068,0.069,0.069,0.067,0.067,0.07,0.069,0.068,0.069,0.071,0.071,0.073,0.071,0.071,0.073,0.069,0.069,0.069,0.072,0.072,0.074,0.069,0.071,0.077,0.071,0.072,0.072,0.074,0.074,0.076,0.074,0.074,0.078,0.067,0.067,0.068,0.069,0.071,0.071,0.067,0.069,0.071,0.069,0.068,0.072,0.071,0.072,0.076,0.073,0.071,0.076,0.07,0.07,0.072,0.072,0.072,0.076,0.07,0.072,0.075,0.071,0.07,0.075,0.073,0.073,0.075,0.074,0.073,0.076,0.066,0.067,0.07,0.069,0.071,0.069,0.067,0.068,0.07,0.069,0.068,0.075,0.071,0.07,0.076,0.073,0.071,0.075
7,0,0.067,0.067,0.066,0.069,0.072,0.069,0.069,0.07,0.074,0.071,0.07,0.071,0.074,0.074,0.077,0.072,0.071,0.075,0.065,0.066,0.065,0.067,0.069,0.068,0.066,0.067,0.069,0.069,0.068,0.07,0.07,0.07,0.074,0.07,0.069,0.074,0.069,0.07,0.069,0.072,0.074,0.074,0.071,0.072,0.077,0.072,0.073,0.074,0.074,0.076,0.077,0.074,0.074,0.079,0.068,0.069,0.068,0.069,0.071,0.071,0.069,0.07,0.072,0.07,0.069,0.074,0.071,0.071,0.076,0.072,0.07,0.077,0.07,0.07,0.072,0.073,0.073,0.075,0.071,0.073,0.075,0.072,0.073,0.077,0.074,0.074,0.077,0.074,0.073,0.076,0.066,0.068,0.07,0.068,0.07,0.07,0.068,0.07,0.07,0.07,0.069,0.077,0.071,0.07,0.076,0.072,0.07,0.076
7.5,0,0.07,0.069,0.068,0.073,0.073,0.072,0.071,0.072,0.076,0.074,0.072,0.074,0.078,0.077,0.082,0.076,0.074,0.08,0.067,0.067,0.067,0.07,0.07,0.07,0.069,0.069,0.07,0.071,0.07,0.072,0.072,0.071,0.078,0.072,0.071,0.077,0.072,0.073,0.073,0.075,0.076,0.079,0.074,0.075,0.081,0.075,0.077,0.079,0.078,0.081,0.082,0.078,0.078,0.085,0.07,0.071,0.071,0.073,0.074,0.073,0.07,0.072,0.075,0.073,0.071,0.079,0.073,0.073,0.08,0.075,0.073,0.081,0.073,0.074,0.076,0.076,0.076,0.078,0.073,0.076,0.079,0.075,0.076,0.082,0.079,0.078,0.082,0.077,0.077,0.082,0.068,0.07,0.074,0.072,0.075,0.072,0.07,0.072,0.072,0.073,0.071,0.084,0.073,0.072,0.08,0.075,0.073,0.08
8,0,0.07,0.069,0.068,0.076,0.076,0.077,0.075,0.074,0.08,0.077,0.075,0.076,0.08,0.079,0.083,0.078,0.078,0.081,0.066,0.067,0.065,0.071,0.071,0.073,0.07,0.069,0.072,0.073,0.072,0.074,0.073,0.073,0.079,0.074,0.074,0.079,0.074,0.074,0.073,0.079,0.079,0.082,0.078,0.078,0.084,0.079,0.08,0.081,0.081,0.083,0.084,0.081,0.081,0.086,0.071,0.072,0.071,0.076,0.077,0.078,0.072,0.075,0.078,0.077,0.075,0.081,0.076,0.076,0.083,0.079,0.078,0.084,0.075,0.074,0.078,0.079,0.079,0.082,0.078,0.079,0.083,0.078,0.079,0.085,0.081,0.081,0.084,0.08,0.079,0.084,0.07,0.071,0.074,0.075,0.076,0.077,0.071,0.074,0.077,0.076,0.075,0.085,0.076,0.075,0.083,0.079,0.077,0.083
8.5,0,0.072,0.071,0.07,0.072,0.078,0.078,0.074,0.074,0.081,0.078,0.075,0.077,0.081,0.08,0.084,0.08,0.078,0.083,0.067,0.067,0.066,0.07,0.071,0.072,0.069,0.07,0.07,0.074,0.072,0.075,0.074,0.074,0.079,0.074,0.073,0.08,0.077,0.078,0.077,0.082,0.082,0.083,0.079,0.08,0.086,0.082,0.083,0.083,0.083,0.084,0.086,0.084,0.084,0.088,0.073,0.076,0.075,0.077,0.079,0.081,0.075,0.078,0.077,0.079,0.076,0.082,0.078,0.079,0.085,0.08,0.078,0.086,0.078,0.079,0.081,0.082,0.082,0.086,0.079,0.081,0.085,0.081,0.082,0.087,0.083,0.082,0.086,0.083,0.082,0.086,0.072,0.075,0.078,0.076,0.078,0.077,0.074,0.077,0.078,0.078,0.075,0.086,0.078,0.078,0.085,0.079,0.077,0.085
9,0,0.076,0.074,0.073,0.076,0.079,0.08,0.077,0.078,0.083,0.08,0.077,0.079,0.082,0.081,0.085,0.082,0.079,0.084,0.069,0.069,0.068,0.071,0.071,0.073,0.07,0.071,0.071,0.074,0.073,0.076,0.075,0.075,0.08,0.074,0.075,0.08,0.081,0.081,0.08,0.084,0.085,0.087,0.083,0.084,0.089,0.084,0.086,0.085,0.085,0.086,0.088,0.087,0.087,0.09,0.077,0.079,0.078,0.079,0.082,0.082,0.078,0.08,0.082,0.081,0.079,0.085,0.081,0.081,0.087,0.082,0.081,0.088,0.082,0.083,0.085,0.085,0.084,0.088,0.083,0.085,0.088,0.084,0.084,0.089,0.085,0.085,0.088,0.086,0.084,0.088,0.076,0.079,0.081,0.078,0.081,0.08,0.077,0.08,0.08,0.08,0.079,0.089,0.081,0.08,0.087,0.082,0.08,0.087
9.5,0,0.078,0.076,0.072,0.08,0.08,0.083,0.081,0.082,0.086,0.082,0.08,0.081,0.085,0.084,0.088,0.084,0.083,0.086,0.069,0.069,0.068,0.071,0.073,0.074,0.072,0.072,0.073,0.076,0.075,0.078,0.077,0.077,0.083,0.077,0.078,0.083,0.085,0.086,0.085,0.087,0.087,0.092,0.087,0.088,0.094,0.088,0.089,0.089,0.089,0.091,0.092,0.09,0.09,0.094,0.08,0.081,0.082,0.083,0.086,0.087,0.082,0.084,0.087,0.084,0.082,0.089,0.084,0.084,0.091,0.086,0.085,0.093,0.086,0.087,0.09,0.088,0.088,0.092,0.087,0.089,0.093,0.087,0.087,0.093,0.09,0.089,0.092,0.089,0.088,0.092,0.078,0.082,0.084,0.082,0.086,0.085,0.081,0.083,0.085,0.084,0.082,0.094,0.083,0.083,0.091,0.086,0.085,0.092
10,0,0.079,0.078,0.077,0.08,0.082,0.083,0.081,0.082,0.086,0.083,0.082,0.082,0.085,0.084,0.088,0.085,0.085,0.086,0.068,0.068,0.067,0.071,0.072,0.073,0.071,0.069,0.073,0.077,0.076,0.078,0.077,0.077,0.081,0.078,0.079,0.082,0.088,0.089,0.087,0.09,0.09,0.094,0.09,0.09,0.095,0.09,0.091,0.091,0.091,0.092,0.093,0.091,0.091,0.095,0.083,0.086,0.085,0.085,0.088,0.089,0.085,0.087,0.09,0.087,0.085,0.092,0.085,0.086,0.092,0.089,0.087,0.093,0.09,0.09,0.092,0.091,0.09,0.094,0.09,0.092,0.095,0.09,0.09,0.095,0.091,0.091,0.094,0.091,0.089,0.093,0.082,0.086,0.087,0.084,0.088,0.086,0.083,0.086,0.087,0.087,0.085,0.094,0.085,0.085,0.092,0.088,0.087,0.091
10.5,0,0.08,0.078,0.078,0.084,0.085,0.087,0.083,0.083,0.089,0.085,0.084,0.084,0.086,0.086,0.089,0.086,0.087,0.088,0.067,0.068,0.067,0.071,0.073,0.071,0.069,0.07,0.074,0.078,0.077,0.079,0.078,0.078,0.083,0.08,0.08,0.083,0.092,0.092,0.091,0.094,0.093,0.098,0.095,0.095,0.099,0.093,0.095,0.095,0.093,0.095,0.096,0.095,0.095,0.098,0.086,0.09,0.088,0.089,0.092,0.094,0.087,0.091,0.094,0.09,0.088,0.095,0.088,0.088,0.095,0.092,0.091,0.097,0.094,0.094,0.097,0.095,0.094,0.099,0.094,0.096,0.099,0.093,0.094,0.097,0.094,0.094,0.097,0.094,0.093,0.096,0.085,0.089,0.091,0.088,0.092,0.091,0.085,0.09,0.091,0.09,0.088,0.097,0.088,0.087,0.095,0.092,0.09,0.095
11,0,0.081,0.08,0.079,0.085,0.087,0.087,0.084,0.085,0.092,0.088,0.087,0.088,0.089,0.088,0.093,0.09,0.09,0.091,0.069,0.068,0.068,0.071,0.072,0.072,0.072,0.071,0.073,0.08,0.079,0.082,0.08,0.08,0.085,0.082,0.082,0.087,0.095,0.095,0.094,0.098,0.097,0.103,0.098,0.098,0.104,0.098,0.099,0.099,0.098,0.099,0.101,0.099,0.1,0.103,0.089,0.093,0.092,0.093,0.097,0.097,0.089,0.094,0.098,0.095,0.093,0.099,0.093,0.092,0.1,0.097,0.096,0.102,0.097,0.098,0.101,0.1,0.099,0.103,0.098,0.099,0.103,0.099,0.099,0.103,0.098,0.098,0.102,0.099,0.099,0.101,0.088,0.093,0.094,0.092,0.097,0.095,0.088,0.093,0.095,0.094,0.093,0.102,0.092,0.092,0.1,0.096,0.095,0.1
11.5,0,0.086,0.082,0.081,0.089,0.089,0.091,0.089,0.086,0.093,0.09,0.089,0.089,0.091,0.091,0.094,0.091,0.092,0.093,0.067,0.068,0.066,0.072,0.073,0.072,0.069,0.069,0.074,0.081,0.08,0.083,0.08,0.08,0.086,0.083,0.083,0.087,0.102,0.1,0.099,0.102,0.101,0.106,0.104,0.104,0.107,0.102,0.103,0.104,0.102,0.104,0.105,0.103,0.103,0.107,0.094,0.099,0.096,0.096,0.101,0.1,0.095,0.101,0.101,0.098,0.096,0.104,0.095,0.095,0.103,0.1,0.098,0.105,0.104,0.104,0.106,0.104,0.104,0.108,0.105,0.106,0.107,0.102,0.103,0.107,0.103,0.103,0.106,0.102,0.102,0.105,0.094,0.099,0.099,0.095,0.101,0.098,0.093,0.1,0.098,0.098,0.097,0.106,0.094,0.094,0.103,0.099,0.098,0.103
12,0,0.091,0.087,0.085,0.092,0.092,0.096,0.094,0.09,0.097,0.092,0.091,0.092,0.093,0.092,0.096,0.094,0.094,0.094,0.068,0.068,0.067,0.073,0.074,0.074,0.072,0.071,0.075,0.083,0.081,0.085,0.082,0.082,0.087,0.084,0.085,0.089,0.107,0.105,0.104,0.107,0.105,0.111,0.11,0.109,0.112,0.107,0.108,0.108,0.106,0.107,0.109,0.108,0.108,0.111,0.099,0.105,0.101,0.1,0.106,0.105,0.1,0.107,0.106,0.102,0.1,0.109,0.099,0.099,0.108,0.104,0.102,0.11,0.11,0.11,0.112,0.11,0.109,0.114,0.111,0.112,0.113,0.107,0.108,0.112,0.107,0.107,0.111,0.107,0.106,0.109,0.098,0.105,0.104,0.099,0.106,0.103,0.098,0.105,0.103,0.102,0.101,0.111,0.099,0.098,0.108,0.102,0.102,0.108
12.5,0,0.093,0.09,0.088,0.094,0.095,0.097,0.096,0.094,0.098,0.094,0.094,0.095,0.095,0.094,0.098,0.096,0.096,0.096,0.071,0.071,0.069,0.072,0.074,0.075,0.073,0.073,0.075,0.084,0.083,0.086,0.084,0.084,0.088,0.085,0.085,0.09,0.112,0.11,0.109,0.113,0.111,0.114,0.114,0.112,0.116,0.112,0.113,0.113,0.111,0.112,0.113,0.113,0.113,0.115,0.104,0.11,0.106,0.105,0.112,0.11,0.105,0.112,0.11,0.107,0.105,0.114,0.104,0.103,0.112,0.108,0.106,0.114,0.115,0.116,0.117,0.116,0.115,0.118,0.115,0.116,0.117,0.113,0.114,0.117,0.112,0.112,0.116,0.112,0.111,0.114,0.104,0.111,0.108,0.105,0.111,0.106,0.102,0.109,0.107,0.106,0.106,0.115,0.103,0.103,0.112,0.106,0.106,0.112
13,0,0.098,0.093,0.091,0.098,0.098,0.101,0.1,0.098,0.102,0.098,0.097,0.098,0.098,0.097,0.101,0.098,0.099,0.099,0.069,0.069,0.067,0.073,0.074,0.075,0.074,0.073,0.076,0.086,0.085,0.088,0.085,0.085,0.09,0.087,0.087,0.092,0.118,0.116,0.114,0.119,0.116,0.122,0.12,0.118,0.122,0.118,0.119,0.12,0.117,0.118,0.12,0.118,0.119,0.122,0.111,0.117,0.111,0.111,0.119,0.116,0.111,0.118,0.117,0.112,0.11,0.12,0.109,0.109,0.119,0.113,0.111,0.121,0.123,0.123,0.124,0.123,0.122,0.125,0.122,0.123,0.124,0.119,0.12,0.124,0.118,0.118,0.122,0.118,0.117,0.121,0.11,0.117,0.114,0.11,0.118,0.113,0.109,0.115,0.113,0.112,0.111,0.122,0.108,0.108,0.118,0.111,0.111,0.118
13.5,0,0.101,0.097,0.095,0.101,0.101,0.104,0.103,0.102,0.104,0.1,0.099,0.1,0.101,0.1,0.103,0.101,0.101,0.102,0.069,0.069,0.068,0.073,0.074,0.074,0.073,0.072,0.075,0.087,0.086,0.09,0.086,0.086,0.091,0.088,0.088,0.093,0.125,0.122,0.12,0.125,0.122,0.126,0.126,0.124,0.126,0.125,0.126,0.126,0.123,0.125,0.126,0.124,0.125,0.129,0.117,0.124,0.118,0.117,0.126,0.121,0.116,0.124,0.122,0.118,0.116,0.127,0.114,0.114,0.125,0.118,0.116,0.127,0.13,0.131,0.131,0.13,0.13,0.131,0.129,0.131,0.13,0.127,0.127,0.131,0.125,0.125,0.129,0.124,0.123,0.127,0.116,0.124,0.119,0.116,0.125,0.118,0.114,0.121,0.118,0.118,0.118,0.129,0.114,0.113,0.124,0.116,0.116,0.123
14,0,0.107,0.1,0.099,0.107,0.107,0.113,0.111,0.107,0.113,0.106,0.104,0.105,0.106,0.104,0.11,0.107,0.108,0.108,0.069,0.069,0.07,0.072,0.074,0.074,0.072,0.072,0.074,0.091,0.09,0.094,0.089,0.089,0.096,0.093,0.093,0.099,0.135,0.131,0.129,0.134,0.131,0.138,0.138,0.135,0.138,0.135,0.136,0.136,0.133,0.134,0.137,0.135,0.136,0.139,0.126,0.133,0.127,0.125,0.135,0.131,0.125,0.135,0.132,0.127,0.125,0.138,0.122,0.122,0.136,0.128,0.127,0.139,0.141,0.143,0.145,0.141,0.139,0.143,0.14,0.142,0.142,0.137,0.138,0.144,0.135,0.135,0.14,0.136,0.134,0.137,0.125,0.134,0.129,0.125,0.134,0.127,0.122,0.131,0.127,0.127,0.126,0.142,0.121,0.122,0.136,0.126,0.126,0.136
14.5,0,0.111,0.107,0.103,0.11,0.109,0.112,0.113,0.111,0.112,0.108,0.106,0.107,0.108,0.106,0.11,0.107,0.107,0.108,0.068,0.069,0.068,0.072,0.074,0.074,0.071,0.07,0.075,0.09,0.089,0.093,0.089,0.089,0.094,0.091,0.091,0.097,0.141,0.137,0.135,0.141,0.138,0.141,0.142,0.14,0.141,0.142,0.142,0.143,0.139,0.141,0.143,0.141,0.141,0.145,0.132,0.141,0.133,0.132,0.143,0.137,0.132,0.142,0.137,0.132,0.13,0.145,0.128,0.128,0.14,0.133,0.131,0.143,0.15,0.151,0.149,0.15,0.149,0.149,0.147,0.149,0.148,0.145,0.145,0.149,0.143,0.142,0.147,0.141,0.14,0.144,0.132,0.142,0.135,0.131,0.142,0.132,0.129,0.138,0.132,0.132,0.132,0.148,0.128,0.128,0.14,0.13,0.13,0.139
15,0,0.115,0.111,0.107,0.115,0.114,0.117,0.117,0.116,0.117,0.111,0.11,0.111,0.111,0.11,0.114,0.111,0.111,0.112,0.068,0.069,0.069,0.073,0.074,0.075,0.073,0.073,0.076,0.093,0.091,0.096,0.091,0.091,0.097,0.093,0.093,0.099,0.151,0.146,0.143,0.151,0.147,0.15,0.152,0.148,0.151,0.151,0.152,0.153,0.148,0.15,0.152,0.15,0.151,0.154,0.141,0.152,0.143,0.141,0.154,0.146,0.141,0.152,0.147,0.141,0.14,0.155,0.136,0.136,0.15,0.141,0.138,0.153,0.162,0.163,0.162,0.161,0.161,0.16,0.158,0.16,0.159,0.155,0.156,0.16,0.153,0.153,0.158,0.151,0.15,0.154,0.141,0.153,0.144,0.14,0.153,0.142,0.138,0.148,0.141,0.142,0.143,0.157,0.136,0.137,0.15,0.137,0.138,0.149
15.5,0,0.123,0.119,0.115,0.122,0.121,0.124,0.125,0.124,0.124,0.118,0.116,0.117,0.117,0.116,0.12,0.116,0.116,0.119,0.071,0.072,0.071,0.075,0.076,0.076,0.074,0.073,0.077,0.096,0.095,0.1,0.094,0.094,0.101,0.097,0.097,0.105,0.165,0.159,0.157,0.163,0.159,0.163,0.165,0.161,0.163,0.163,0.164,0.165,0.16,0.162,0.165,0.162,0.163,0.167,0.153,0.166,0.156,0.153,0.168,0.158,0.152,0.165,0.158,0.151,0.15,0.166,0.147,0.147,0.163,0.152,0.15,0.166,0.179,0.181,0.178,0.177,0.177,0.177,0.173,0.176,0.176,0.169,0.17,0.175,0.166,0.166,0.173,0.163,0.162,0.169,0.154,0.167,0.156,0.153,0.167,0.153,0.149,0.161,0.152,0.153,0.154,0.172,0.147,0.148,0.164,0.149,0.15,0.164
16,0,0.127,0.123,0.118,0.126,0.126,0.129,0.129,0.127,0.129,0.121,0.119,0.12,0.12,0.119,0.124,0.12,0.12,0.121,0.069,0.069,0.068,0.074,0.075,0.076,0.07,0.07,0.077,0.096,0.095,0.1,0.095,0.095,0.101,0.097,0.096,0.105,0.175,0.168,0.166,0.174,0.169,0.173,0.175,0.171,0.172,0.172,0.173,0.174,0.169,0.172,0.174,0.172,0.172,0.176,0.163,0.177,0.166,0.164,0.179,0.169,0.162,0.177,0.169,0.159,0.158,0.175,0.155,0.155,0.171,0.159,0.158,0.174,0.192,0.195,0.19,0.191,0.191,0.19,0.186,0.189,0.187,0.179,0.181,0.186,0.178,0.177,0.185,0.174,0.173,0.179,0.164,0.179,0.167,0.163,0.18,0.164,0.159,0.173,0.162,0.162,0.163,0.182,0.155,0.157,0.174,0.157,0.158,0.172
16.5,0,0.133,0.129,0.124,0.133,0.132,0.134,0.135,0.133,0.134,0.125,0.123,0.124,0.125,0.124,0.129,0.125,0.125,0.127,0.071,0.071,0.07,0.075,0.075,0.077,0.074,0.072,0.077,0.098,0.097,0.102,0.097,0.097,0.104,0.099,0.098,0.107,0.188,0.181,0.177,0.187,0.181,0.186,0.188,0.183,0.185,0.184,0.184,0.186,0.181,0.183,0.186,0.184,0.184,0.188,0.176,0.191,0.178,0.176,0.193,0.181,0.175,0.19,0.182,0.169,0.168,0.187,0.165,0.166,0.182,0.168,0.167,0.185,0.211,0.214,0.207,0.209,0.21,0.207,0.203,0.207,0.203,0.195,0.195,0.201,0.192,0.191,0.2,0.188,0.186,0.193,0.179,0.196,0.18,0.177,0.196,0.178,0.172,0.188,0.175,0.174,0.176,0.196,0.167,0.169,0.187,0.167,0.168,0.185
17,0,0.142,0.137,0.131,0.142,0.141,0.143,0.144,0.142,0.143,0.133,0.13,0.131,0.133,0.131,0.136,0.132,0.131,0.133,0.072,0.073,0.071,0.076,0.076,0.078,0.073,0.074,0.078,0.103,0.101,0.107,0.101,0.1,0.109,0.103,0.103,0.113,0.205,0.197,0.193,0.203,0.197,0.202,0.205,0.2,0.201,0.198,0.198,0.2,0.195,0.197,0.2,0.197,0.198,0.202,0.191,0.207,0.194,0.191,0.209,0.196,0.189,0.205,0.196,0.182,0.182,0.202,0.177,0.178,0.197,0.181,0.181,0.201,0.234,0.238,0.233,0.231,0.232,0.229,0.225,0.23,0.225,0.213,0.214,0.221,0.21,0.209,0.219,0.205,0.203,0.212,0.197,0.217,0.198,0.195,0.217,0.195,0.188,0.207,0.192,0.19,0.192,0.216,0.182,0.185,0.205,0.182,0.185,0.204
17.5,0,0.149,0.144,0.138,0.149,0.148,0.151,0.149,0.147,0.15,0.137,0.135,0.136,0.137,0.136,0.141,0.137,0.135,0.139,0.072,0.071,0.07,0.074,0.076,0.076,0.073,0.073,0.077,0.103,0.102,0.109,0.102,0.101,0.109,0.104,0.102,0.113,0.219,0.211,0.207,0.217,0.211,0.216,0.218,0.212,0.214,0.21,0.21,0.212,0.206,0.209,0.212,0.21,0.21,0.214,0.205,0.222,0.208,0.205,0.223,0.209,0.203,0.22,0.21,0.193,0.192,0.214,0.188,0.189,0.207,0.191,0.189,0.209,0.257,0.26,0.251,0.253,0.254,0.25,0.245,0.25,0.246,0.23,0.231,0.237,0.226,0.225,0.236,0.221,0.218,0.229,0.216,0.239,0.216,0.213,0.238,0.212,0.205,0.226,0.209,0.204,0.207,0.23,0.195,0.199,0.22,0.194,0.195,0.216
18,0,0.158,0.152,0.145,0.159,0.158,0.159,0.158,0.156,0.157,0.144,0.142,0.143,0.144,0.142,0.147,0.143,0.142,0.145,0.072,0.072,0.07,0.075,0.076,0.076,0.074,0.074,0.076,0.105,0.104,0.111,0.104,0.104,0.112,0.107,0.105,0.116,0.236,0.227,0.223,0.232,0.225,0.231,0.233,0.228,0.228,0.225,0.225,0.227,0.22,0.223,0.226,0.224,0.224,0.227,0.22,0.237,0.223,0.22,0.236,0.224,0.218,0.235,0.224,0.205,0.204,0.224,0.2,0.201,0.221,0.203,0.202,0.223,0.282,0.285,0.275,0.276,0.277,0.272,0.268,0.274,0.27,0.251,0.251,0.257,0.246,0.244,0.255,0.24,0.237,0.248,0.238,0.263,0.238,0.236,0.262,0.234,0.225,0.25,0.229,0.22,0.223,0.251,0.211,0.215,0.238,0.21,0.211,0.235
18.5,0,0.167,0.161,0.154,0.168,0.167,0.168,0.168,0.165,0.167,0.151,0.148,0.149,0.151,0.149,0.155,0.149,0.148,0.152,0.071,0.072,0.071,0.075,0.075,0.076,0.074,0.073,0.077,0.108,0.107,0.114,0.106,0.106,0.115,0.109,0.107,0.119,0.251,0.242,0.238,0.248,0.242,0.246,0.248,0.243,0.245,0.239,0.238,0.241,0.233,0.236,0.239,0.238,0.238,0.241,0.234,0.247,0.234,0.235,0.248,0.236,0.232,0.245,0.237,0.218,0.219,0.235,0.213,0.215,0.229,0.213,0.215,0.231,0.306,0.309,0.298,0.301,0.302,0.296,0.291,0.296,0.291,0.271,0.273,0.277,0.266,0.265,0.276,0.259,0.257,0.266,0.26,0.287,0.261,0.259,0.288,0.255,0.246,0.274,0.251,0.239,0.244,0.27,0.229,0.234,0.257,0.227,0.229,0.254
19,0,0.179,0.173,0.164,0.18,0.18,0.18,0.179,0.177,0.178,0.16,0.157,0.158,0.159,0.157,0.164,0.158,0.156,0.16,0.073,0.072,0.071,0.075,0.076,0.077,0.074,0.074,0.077,0.111,0.11,0.118,0.11,0.109,0.119,0.113,0.11,0.124,0.268,0.26,0.255,0.265,0.258,0.263,0.265,0.26,0.259,0.251,0.249,0.25,0.246,0.247,0.252,0.252,0.249,0.253,0.246,0.258,0.247,0.246,0.257,0.248,0.243,0.256,0.249,0.226,0.227,0.245,0.223,0.226,0.24,0.223,0.224,0.243,0.33,0.332,0.322,0.323,0.322,0.317,0.314,0.319,0.312,0.293,0.294,0.301,0.287,0.286,0.298,0.281,0.277,0.288,0.286,0.314,0.287,0.283,0.312,0.28,0.271,0.298,0.275,0.259,0.265,0.292,0.249,0.254,0.279,0.246,0.248,0.275
19.5,0,0.193,0.185,0.177,0.194,0.192,0.194,0.194,0.19,0.191,0.171,0.167,0.168,0.17,0.168,0.174,0.168,0.166,0.171,0.073,0.073,0.072,0.076,0.077,0.078,0.074,0.074,0.078,0.117,0.115,0.123,0.115,0.114,0.125,0.118,0.115,0.131,0.288,0.279,0.274,0.28,0.276,0.28,0.282,0.279,0.278,0.264,0.263,0.265,0.259,0.261,0.264,0.262,0.261,0.265,0.258,0.268,0.256,0.258,0.266,0.258,0.254,0.264,0.259,0.239,0.24,0.256,0.235,0.239,0.252,0.234,0.235,0.255,0.356,0.357,0.348,0.347,0.346,0.34,0.338,0.344,0.337,0.317,0.318,0.322,0.312,0.311,0.32,0.301,0.299,0.309,0.314,0.34,0.312,0.309,0.34,0.304,0.296,0.323,0.301,0.283,0.289,0.315,0.271,0.279,0.301,0.267,0.27,0.299
20,0,0.204,0.195,0.185,0.205,0.203,0.202,0.203,0.199,0.2,0.178,0.175,0.176,0.178,0.175,0.181,0.175,0.173,0.178,0.072,0.073,0.072,0.075,0.075,0.077,0.073,0.074,0.076,0.118,0.116,0.125,0.117,0.116,0.126,0.119,0.116,0.131,0.295,0.292,0.286,0.288,0.287,0.289,0.288,0.292,0.287,0.276,0.274,0.276,0.269,0.271,0.274,0.273,0.273,0.276,0.264,0.272,0.261,0.263,0.271,0.262,0.261,0.268,0.263,0.246,0.247,0.264,0.243,0.248,0.258,0.241,0.241,0.26,0.374,0.376,0.364,0.365,0.363,0.356,0.356,0.362,0.352,0.335,0.337,0.34,0.33,0.329,0.338,0.32,0.317,0.326,0.335,0.362,0.335,0.331,0.361,0.326,0.318,0.345,0.323,0.301,0.307,0.332,0.291,0.299,0.317,0.283,0.287,0.314
20.5,0,0.218,0.21,0.2,0.219,0.217,0.219,0.218,0.213,0.215,0.189,0.184,0.186,0.188,0.186,0.192,0.186,0.183,0.188,0.072,0.073,0.071,0.075,0.076,0.077,0.073,0.073,0.078,0.122,0.12,0.13,0.121,0.12,0.131,0.123,0.12,0.137,0.306,0.302,0.295,0.299,0.296,0.299,0.3,0.302,0.296,0.288,0.286,0.288,0.283,0.284,0.286,0.287,0.284,0.287,0.27,0.278,0.267,0.269,0.275,0.268,0.267,0.275,0.27,0.255,0.256,0.273,0.252,0.257,0.269,0.25,0.252,0.271,0.396,0.396,0.385,0.383,0.382,0.374,0.376,0.382,0.37,0.355,0.358,0.361,0.35,0.349,0.357,0.34,0.337,0.346,0.36,0.385,0.358,0.353,0.383,0.347,0.341,0.368,0.344,0.321,0.328,0.353,0.311,0.319,0.339,0.304,0.308,0.336
21,0,0.235,0.226,0.215,0.235,0.232,0.235,0.234,0.229,0.234,0.201,0.196,0.198,0.201,0.197,0.205,0.201,0.196,0.201,0.073,0.073,0.071,0.077,0.076,0.078,0.075,0.074,0.078,0.128,0.126,0.137,0.126,0.125,0.139,0.13,0.127,0.145,0.317,0.312,0.307,0.31,0.305,0.313,0.311,0.314,0.309,0.302,0.299,0.3,0.295,0.296,0.299,0.3,0.298,0.3,0.276,0.283,0.273,0.274,0.279,0.275,0.273,0.279,0.275,0.266,0.268,0.283,0.261,0.266,0.28,0.261,0.262,0.282,0.416,0.416,0.406,0.401,0.397,0.393,0.395,0.402,0.39,0.377,0.379,0.381,0.37,0.369,0.378,0.36,0.359,0.365,0.382,0.407,0.379,0.373,0.402,0.369,0.362,0.387,0.365,0.342,0.35,0.373,0.331,0.34,0.359,0.325,0.329,0.357
21.5,0,0.25,0.239,0.228,0.249,0.247,0.251,0.25,0.245,0.247,0.213,0.207,0.209,0.213,0.209,0.218,0.211,0.206,0.215,0.073,0.073,0.072,0.077,0.077,0.079,0.075,0.074,0.079,0.133,0.13,0.142,0.131,0.129,0.145,0.136,0.132,0.15,0.333,0.323,0.32,0.323,0.315,0.325,0.326,0.324,0.32,0.314,0.311,0.313,0.308,0.309,0.312,0.312,0.31,0.314,0.281,0.287,0.276,0.279,0.283,0.279,0.278,0.285,0.28,0.275,0.278,0.295,0.27,0.276,0.288,0.27,0.273,0.291,0.436,0.436,0.424,0.417,0.414,0.407,0.414,0.421,0.405,0.396,0.398,0.401,0.39,0.389,0.394,0.377,0.377,0.382,0.403,0.429,0.402,0.394,0.424,0.386,0.384,0.409,0.386,0.362,0.37,0.393,0.351,0.36,0.377,0.344,0.349,0.375
22,0,0.266,0.256,0.245,0.265,0.262,0.264,0.264,0.258,0.263,0.224,0.218,0.22,0.224,0.22,0.229,0.221,0.217,0.222,0.072,0.073,0.072,0.076,0.077,0.078,0.073,0.074,0.079,0.138,0.135,0.147,0.136,0.134,0.149,0.14,0.136,0.156,0.343,0.334,0.331,0.334,0.327,0.336,0.336,0.336,0.331,0.326,0.323,0.324,0.319,0.32,0.323,0.324,0.323,0.324,0.284,0.29,0.28,0.282,0.286,0.282,0.281,0.286,0.286,0.284,0.287,0.302,0.279,0.285,0.296,0.278,0.282,0.299,0.452,0.451,0.44,0.43,0.428,0.42,0.429,0.436,0.42,0.414,0.416,0.417,0.407,0.405,0.409,0.395,0.394,0.396,0.422,0.447,0.418,0.411,0.44,0.402,0.402,0.426,0.404,0.38,0.388,0.41,0.369,0.38,0.393,0.362,0.367,0.391
22.5,0,0.282,0.271,0.259,0.28,0.278,0.28,0.278,0.273,0.275,0.236,0.229,0.231,0.236,0.231,0.238,0.232,0.227,0.233,0.074,0.074,0.073,0.077,0.078,0.079,0.075,0.075,0.08,0.143,0.14,0.153,0.141,0.138,0.154,0.145,0.14,0.161,0.356,0.347,0.343,0.345,0.338,0.345,0.346,0.346,0.341,0.338,0.335,0.336,0.331,0.332,0.332,0.335,0.333,0.334,0.287,0.292,0.282,0.286,0.288,0.285,0.284,0.288,0.286,0.295,0.298,0.315,0.288,0.294,0.304,0.286,0.29,0.307,0.469,0.468,0.454,0.444,0.442,0.432,0.443,0.45,0.432,0.431,0.433,0.432,0.425,0.423,0.424,0.408,0.409,0.411,0.441,0.464,0.436,0.428,0.458,0.417,0.419,0.443,0.42,0.398,0.408,0.422,0.387,0.398,0.407,0.377,0.382,0.407
23,0,0.296,0.286,0.274,0.295,0.292,0.297,0.297,0.289,0.291,0.248,0.241,0.242,0.247,0.243,0.251,0.246,0.24,0.246,0.073,0.074,0.073,0.077,0.078,0.079,0.076,0.076,0.079,0.148,0.145,0.158,0.147,0.143,0.164,0.151,0.146,0.169,0.366,0.356,0.354,0.354,0.348,0.357,0.358,0.358,0.352,0.351,0.347,0.348,0.342,0.342,0.346,0.35,0.346,0.346,0.289,0.294,0.284,0.287,0.289,0.286,0.287,0.29,0.291,0.302,0.304,0.318,0.297,0.303,0.314,0.295,0.301,0.318,0.481,0.481,0.468,0.455,0.453,0.445,0.457,0.463,0.445,0.446,0.449,0.447,0.438,0.436,0.439,0.424,0.424,0.425,0.457,0.48,0.451,0.443,0.47,0.434,0.435,0.457,0.434,0.413,0.423,0.44,0.404,0.415,0.425,0.395,0.4,0.425
23.5,0,0.311,0.3,0.289,0.309,0.307,0.309,0.307,0.302,0.304,0.259,0.251,0.254,0.26,0.253,0.26,0.254,0.249,0.255,0.074,0.075,0.073,0.077,0.078,0.079,0.075,0.075,0.08,0.153,0.151,0.165,0.152,0.149,0.167,0.155,0.15,0.174,0.377,0.368,0.365,0.365,0.357,0.368,0.367,0.366,0.362,0.361,0.358,0.358,0.353,0.354,0.354,0.357,0.356,0.358,0.29,0.294,0.284,0.288,0.29,0.286,0.287,0.29,0.287,0.31,0.314,0.329,0.305,0.312,0.32,0.301,0.306,0.324,0.496,0.496,0.48,0.468,0.465,0.455,0.469,0.475,0.454,0.46,0.463,0.458,0.453,0.451,0.449,0.434,0.437,0.435,0.472,0.494,0.465,0.457,0.485,0.443,0.448,0.47,0.447,0.428,0.439,0.448,0.42,0.432,0.435,0.406,0.412,0.436
24,0,0.322,0.313,0.302,0.321,0.319,0.32,0.32,0.314,0.314,0.269,0.262,0.263,0.267,0.262,0.269,0.264,0.259,0.264,0.074,0.074,0.072,0.076,0.077,0.079,0.075,0.076,0.079,0.157,0.154,0.169,0.156,0.153,0.17,0.16,0.154,0.177,0.385,0.377,0.376,0.372,0.364,0.372,0.375,0.374,0.366,0.371,0.368,0.368,0.361,0.361,0.363,0.368,0.367,0.365,0.289,0.294,0.284,0.287,0.287,0.285,0.286,0.289,0.287,0.317,0.321,0.335,0.311,0.318,0.325,0.309,0.313,0.329,0.506,0.506,0.487,0.474,0.471,0.462,0.478,0.484,0.459,0.471,0.475,0.468,0.461,0.46,0.458,0.446,0.447,0.445,0.484,0.506,0.474,0.467,0.491,0.453,0.46,0.48,0.458,0.44,0.451,0.459,0.432,0.444,0.446,0.418,0.423,0.443
24.5,0,0.337,0.327,0.316,0.333,0.331,0.335,0.333,0.328,0.33,0.282,0.274,0.277,0.281,0.276,0.282,0.277,0.272,0.276,0.074,0.075,0.073,0.078,0.078,0.08,0.076,0.076,0.08,0.165,0.162,0.178,0.164,0.16,0.179,0.169,0.163,0.186,0.397,0.387,0.385,0.384,0.376,0.384,0.386,0.385,0.381,0.383,0.38,0.38,0.374,0.376,0.374,0.38,0.378,0.377,0.29,0.293,0.284,0.289,0.29,0.287,0.287,0.29,0.288,0.325,0.331,0.346,0.32,0.329,0.335,0.316,0.323,0.339,0.518,0.518,0.5,0.488,0.486,0.474,0.489,0.496,0.475,0.485,0.488,0.482,0.477,0.476,0.471,0.457,0.46,0.457,0.496,0.516,0.487,0.48,0.509,0.465,0.471,0.492,0.471,0.455,0.468,0.471,0.447,0.461,0.458,0.433,0.439,0.458
25,0,0.35,0.34,0.329,0.347,0.346,0.352,0.349,0.344,0.345,0.295,0.286,0.287,0.295,0.289,0.293,0.289,0.283,0.288,0.074,0.075,0.074,0.077,0.08,0.079,0.075,0.076,0.08,0.172,0.169,0.185,0.171,0.167,0.189,0.177,0.171,0.195,0.406,0.395,0.394,0.395,0.386,0.396,0.398,0.396,0.39,0.395,0.39,0.389,0.387,0.387,0.386,0.391,0.389,0.387,0.291,0.293,0.284,0.289,0.289,0.287,0.288,0.29,0.288,0.335,0.338,0.349,0.329,0.336,0.343,0.325,0.333,0.349,0.526,0.525,0.512,0.498,0.494,0.485,0.5,0.506,0.485,0.498,0.5,0.493,0.49,0.488,0.482,0.469,0.472,0.468,0.505,0.526,0.498,0.491,0.517,0.477,0.483,0.502,0.481,0.468,0.478,0.484,0.461,0.473,0.471,0.446,0.451,0.472
25.5,0,0.36,0.351,0.341,0.356,0.356,0.362,0.359,0.354,0.355,0.305,0.296,0.298,0.305,0.297,0.303,0.298,0.293,0.299,0.074,0.074,0.073,0.078,0.079,0.081,0.076,0.075,0.081,0.178,0.175,0.191,0.177,0.173,0.193,0.181,0.175,0.2,0.415,0.405,0.402,0.403,0.393,0.404,0.405,0.404,0.4,0.404,0.399,0.398,0.395,0.394,0.394,0.399,0.397,0.396,0.289,0.292,0.282,0.288,0.287,0.286,0.287,0.288,0.289,0.34,0.343,0.355,0.336,0.343,0.348,0.331,0.337,0.354,0.536,0.535,0.52,0.505,0.501,0.493,0.508,0.516,0.491,0.507,0.51,0.502,0.498,0.496,0.491,0.477,0.48,0.477,0.516,0.536,0.506,0.499,0.524,0.485,0.492,0.51,0.49,0.477,0.49,0.489,0.471,0.484,0.479,0.455,0.459,0.48
26,0,0.371,0.362,0.353,0.365,0.364,0.368,0.366,0.362,0.362,0.314,0.306,0.309,0.313,0.308,0.311,0.306,0.3,0.307,0.074,0.075,0.074,0.078,0.079,0.081,0.076,0.076,0.08,0.185,0.182,0.199,0.183,0.18,0.198,0.187,0.181,0.205,0.426,0.415,0.411,0.409,0.401,0.408,0.412,0.412,0.403,0.411,0.409,0.408,0.403,0.403,0.4,0.406,0.404,0.403,0.289,0.292,0.28,0.287,0.286,0.285,0.285,0.287,0.284,0.346,0.355,0.367,0.342,0.35,0.354,0.335,0.343,0.358,0.548,0.545,0.526,0.512,0.507,0.5,0.515,0.522,0.496,0.518,0.521,0.509,0.508,0.506,0.499,0.484,0.488,0.484,0.529,0.549,0.515,0.507,0.532,0.491,0.5,0.519,0.497,0.489,0.503,0.495,0.48,0.496,0.486,0.462,0.468,0.486
26.5,0,0.376,0.369,0.36,0.372,0.373,0.374,0.372,0.369,0.368,0.323,0.314,0.316,0.32,0.315,0.318,0.316,0.309,0.314,0.073,0.074,0.073,0.075,0.078,0.078,0.074,0.075,0.08,0.189,0.187,0.203,0.188,0.184,0.203,0.191,0.184,0.209,0.43,0.42,0.418,0.416,0.407,0.414,0.417,0.418,0.408,0.419,0.415,0.414,0.408,0.409,0.406,0.414,0.412,0.409,0.286,0.288,0.276,0.284,0.282,0.28,0.283,0.284,0.282,0.354,0.359,0.368,0.347,0.355,0.357,0.339,0.347,0.361,0.551,0.55,0.532,0.518,0.515,0.504,0.521,0.528,0.501,0.526,0.528,0.517,0.515,0.513,0.505,0.492,0.496,0.491,0.532,0.551,0.522,0.514,0.539,0.499,0.507,0.526,0.504,0.497,0.509,0.502,0.49,0.504,0.492,0.47,0.475,0.491
27,0,0.388,0.381,0.371,0.382,0.383,0.388,0.386,0.383,0.381,0.333,0.327,0.328,0.331,0.327,0.331,0.327,0.321,0.326,0.074,0.075,0.073,0.078,0.079,0.08,0.075,0.076,0.082,0.2,0.195,0.211,0.197,0.192,0.213,0.201,0.194,0.222,0.441,0.43,0.429,0.425,0.416,0.427,0.43,0.429,0.42,0.427,0.426,0.424,0.419,0.419,0.418,0.426,0.423,0.42,0.286,0.289,0.277,0.285,0.283,0.282,0.284,0.285,0.283,0.354,0.364,0.375,0.353,0.363,0.367,0.349,0.356,0.372,0.562,0.56,0.546,0.527,0.522,0.515,0.533,0.541,0.514,0.538,0.539,0.529,0.526,0.523,0.517,0.503,0.507,0.502,0.543,0.562,0.533,0.524,0.547,0.509,0.518,0.536,0.515,0.506,0.519,0.515,0.5,0.515,0.504,0.482,0.488,0.504
27.5,0,0.394,0.387,0.378,0.388,0.388,0.392,0.391,0.39,0.386,0.338,0.333,0.335,0.338,0.333,0.337,0.336,0.329,0.333,0.074,0.075,0.073,0.079,0.079,0.08,0.075,0.075,0.082,0.203,0.201,0.218,0.202,0.198,0.217,0.208,0.2,0.227,0.447,0.437,0.434,0.432,0.422,0.432,0.435,0.435,0.426,0.431,0.431,0.43,0.424,0.425,0.423,0.433,0.429,0.426,0.283,0.286,0.274,0.282,0.28,0.279,0.281,0.282,0.28,0.358,0.369,0.379,0.357,0.368,0.372,0.353,0.36,0.376,0.568,0.567,0.551,0.533,0.529,0.52,0.539,0.546,0.519,0.544,0.546,0.535,0.532,0.53,0.523,0.511,0.513,0.508,0.549,0.567,0.538,0.53,0.553,0.515,0.525,0.543,0.521,0.513,0.527,0.518,0.507,0.523,0.51,0.488,0.494,0.51
28,0,0.401,0.398,0.385,0.395,0.396,0.398,0.4,0.397,0.394,0.347,0.342,0.345,0.346,0.343,0.344,0.342,0.338,0.341,0.075,0.076,0.074,0.078,0.079,0.081,0.076,0.077,0.081,0.21,0.208,0.228,0.209,0.205,0.224,0.212,0.206,0.232,0.455,0.445,0.441,0.439,0.428,0.439,0.443,0.443,0.432,0.44,0.439,0.438,0.433,0.434,0.431,0.44,0.437,0.434,0.283,0.286,0.274,0.281,0.279,0.278,0.28,0.281,0.279,0.364,0.375,0.388,0.363,0.373,0.377,0.359,0.366,0.382,0.577,0.574,0.557,0.539,0.534,0.527,0.545,0.553,0.525,0.551,0.555,0.543,0.541,0.538,0.531,0.518,0.521,0.516,0.559,0.577,0.545,0.537,0.558,0.522,0.532,0.549,0.528,0.521,0.54,0.525,0.515,0.531,0.518,0.495,0.501,0.518
28.5,0,0.408,0.404,0.393,0.4,0.402,0.405,0.405,0.405,0.399,0.356,0.351,0.353,0.354,0.352,0.353,0.349,0.345,0.349,0.074,0.076,0.074,0.08,0.08,0.081,0.075,0.076,0.083,0.218,0.215,0.233,0.216,0.212,0.23,0.219,0.215,0.239,0.463,0.452,0.449,0.446,0.436,0.445,0.451,0.451,0.441,0.449,0.448,0.446,0.441,0.441,0.438,0.447,0.445,0.441,0.281,0.284,0.272,0.28,0.279,0.277,0.278,0.28,0.277,0.374,0.384,0.392,0.37,0.381,0.383,0.364,0.37,0.388,0.585,0.583,0.565,0.546,0.542,0.534,0.553,0.561,0.532,0.561,0.563,0.55,0.55,0.547,0.538,0.526,0.529,0.523,0.566,0.584,0.554,0.545,0.569,0.528,0.539,0.557,0.536,0.529,0.548,0.53,0.523,0.541,0.525,0.501,0.508,0.525
29,0,0.41,0.407,0.398,0.404,0.407,0.407,0.408,0.408,0.402,0.361,0.357,0.359,0.359,0.357,0.356,0.353,0.349,0.354,0.073,0.075,0.074,0.078,0.079,0.079,0.075,0.076,0.081,0.221,0.219,0.237,0.222,0.218,0.233,0.223,0.216,0.24,0.466,0.456,0.453,0.452,0.441,0.449,0.454,0.454,0.443,0.454,0.453,0.451,0.446,0.447,0.441,0.452,0.45,0.445,0.279,0.281,0.269,0.276,0.276,0.274,0.275,0.277,0.274,0.372,0.387,0.396,0.373,0.384,0.384,0.366,0.373,0.389,0.587,0.584,0.569,0.551,0.546,0.538,0.557,0.564,0.535,0.566,0.569,0.555,0.555,0.552,0.542,0.529,0.534,0.527,0.569,0.586,0.559,0.549,0.572,0.533,0.544,0.562,0.54,0.535,0.552,0.535,0.53,0.547,0.527,0.506,0.513,0.527
29.5,0,0.419,0.416,0.406,0.411,0.414,0.416,0.417,0.416,0.411,0.37,0.368,0.369,0.369,0.366,0.365,0.362,0.358,0.362,0.075,0.076,0.074,0.08,0.08,0.081,0.076,0.077,0.081,0.23,0.229,0.247,0.228,0.225,0.242,0.231,0.224,0.249,0.476,0.465,0.462,0.46,0.449,0.458,0.463,0.463,0.451,0.464,0.464,0.461,0.455,0.455,0.451,0.46,0.458,0.454,0.279,0.282,0.269,0.276,0.276,0.273,0.275,0.277,0.273,0.383,0.396,0.403,0.381,0.392,0.392,0.374,0.382,0.397,0.595,0.594,0.577,0.559,0.555,0.547,0.565,0.573,0.544,0.577,0.578,0.563,0.565,0.561,0.552,0.538,0.542,0.536,0.577,0.597,0.566,0.557,0.58,0.54,0.551,0.569,0.548,0.543,0.559,0.543,0.538,0.555,0.536,0.515,0.523,0.535
30,0,0.424,0.422,0.412,0.416,0.419,0.419,0.421,0.421,0.415,0.373,0.371,0.374,0.373,0.372,0.369,0.367,0.364,0.368,0.075,0.076,0.075,0.08,0.08,0.081,0.076,0.077,0.082,0.236,0.235,0.253,0.234,0.231,0.247,0.236,0.232,0.254,0.481,0.471,0.469,0.465,0.453,0.462,0.468,0.469,0.455,0.467,0.467,0.465,0.46,0.461,0.455,0.466,0.464,0.458,0.276,0.28,0.267,0.274,0.274,0.271,0.273,0.275,0.271,0.382,0.396,0.404,0.384,0.396,0.395,0.378,0.386,0.4,0.601,0.6,0.582,0.563,0.558,0.55,0.569,0.577,0.548,0.579,0.582,0.569,0.569,0.567,0.555,0.543,0.547,0.54,0.584,0.6,0.569,0.562,0.583,0.545,0.556,0.573,0.551,0.546,0.566,0.546,0.542,0.561,0.539,0.519,0.527,0.54
30.5,0,0.428,0.424,0.415,0.419,0.422,0.424,0.425,0.425,0.419,0.379,0.378,0.379,0.379,0.377,0.375,0.374,0.37,0.373,0.075,0.076,0.074,0.08,0.08,0.081,0.077,0.077,0.082,0.241,0.24,0.256,0.24,0.238,0.253,0.242,0.239,0.261,0.486,0.476,0.474,0.47,0.458,0.468,0.474,0.474,0.461,0.473,0.473,0.471,0.466,0.467,0.461,0.473,0.471,0.464,0.274,0.277,0.265,0.273,0.272,0.269,0.272,0.274,0.269,0.384,0.398,0.406,0.387,0.399,0.4,0.381,0.389,0.405,0.605,0.604,0.587,0.567,0.563,0.556,0.574,0.582,0.554,0.584,0.586,0.574,0.575,0.571,0.561,0.549,0.554,0.545,0.587,0.604,0.575,0.566,0.589,0.549,0.561,0.578,0.557,0.549,0.568,0.548,0.547,0.565,0.544,0.524,0.531,0.545
31,0,0.432,0.431,0.421,0.425,0.427,0.432,0.431,0.431,0.427,0.386,0.385,0.387,0.386,0.385,0.381,0.381,0.377,0.38,0.075,0.076,0.075,0.081,0.081,0.083,0.077,0.077,0.084,0.246,0.247,0.263,0.246,0.242,0.259,0.248,0.242,0.267,0.493,0.482,0.48,0.477,0.465,0.476,0.481,0.481,0.468,0.481,0.481,0.478,0.474,0.474,0.468,0.481,0.478,0.471,0.274,0.277,0.264,0.272,0.272,0.27,0.272,0.274,0.269,0.394,0.408,0.414,0.394,0.406,0.407,0.388,0.395,0.411,0.61,0.608,0.593,0.573,0.569,0.562,0.58,0.588,0.56,0.591,0.592,0.579,0.582,0.578,0.567,0.555,0.559,0.551,0.591,0.608,0.581,0.572,0.594,0.556,0.568,0.584,0.563,0.556,0.572,0.553,0.554,0.572,0.55,0.53,0.537,0.551
31.5,0,0.434,0.433,0.422,0.426,0.431,0.43,0.431,0.431,0.425,0.387,0.388,0.389,0.387,0.387,0.383,0.381,0.378,0.382,0.075,0.076,0.074,0.079,0.08,0.081,0.076,0.077,0.081,0.249,0.25,0.265,0.251,0.247,0.26,0.25,0.244,0.267,0.496,0.485,0.483,0.48,0.467,0.476,0.484,0.484,0.468,0.484,0.484,0.481,0.476,0.476,0.47,0.482,0.48,0.474,0.27,0.274,0.262,0.269,0.269,0.266,0.267,0.27,0.266,0.392,0.405,0.412,0.396,0.409,0.406,0.387,0.395,0.41,0.612,0.61,0.594,0.576,0.571,0.563,0.582,0.59,0.561,0.592,0.594,0.581,0.583,0.579,0.569,0.556,0.561,0.554,0.593,0.609,0.584,0.573,0.594,0.557,0.569,0.586,0.566,0.556,0.575,0.553,0.556,0.575,0.548,0.53,0.537,0.549
32,0,0.442,0.439,0.429,0.433,0.436,0.436,0.439,0.44,0.432,0.397,0.393,0.397,0.395,0.394,0.39,0.389,0.386,0.389,0.075,0.077,0.075,0.081,0.081,0.083,0.077,0.078,0.083,0.255,0.26,0.275,0.257,0.255,0.269,0.258,0.253,0.276,0.505,0.493,0.49,0.487,0.475,0.484,0.492,0.492,0.476,0.491,0.49,0.489,0.485,0.486,0.477,0.491,0.488,0.481,0.27,0.274,0.262,0.269,0.269,0.267,0.268,0.27,0.266,0.398,0.417,0.424,0.402,0.415,0.414,0.394,0.403,0.419,0.619,0.615,0.602,0.582,0.577,0.569,0.589,0.597,0.569,0.597,0.601,0.588,0.591,0.586,0.574,0.562,0.567,0.559,0.599,0.613,0.588,0.579,0.599,0.562,0.575,0.591,0.572,0.566,0.584,0.561,0.562,0.581,0.556,0.537,0.545,0.559
32.5,0,0.442,0.441,0.432,0.435,0.439,0.439,0.439,0.44,0.434,0.396,0.395,0.398,0.397,0.397,0.393,0.391,0.389,0.392,0.074,0.076,0.074,0.079,0.08,0.082,0.076,0.077,0.082,0.258,0.262,0.276,0.26,0.26,0.27,0.261,0.254,0.278,0.508,0.496,0.494,0.492,0.479,0.487,0.495,0.495,0.479,0.493,0.493,0.491,0.488,0.488,0.482,0.494,0.491,0.485,0.266,0.271,0.258,0.266,0.267,0.264,0.266,0.269,0.264,0.395,0.413,0.418,0.404,0.417,0.415,0.396,0.404,0.419,0.619,0.616,0.602,0.583,0.578,0.571,0.59,0.598,0.569,0.593,0.599,0.588,0.59,0.586,0.576,0.563,0.567,0.56,0.598,0.613,0.591,0.579,0.6,0.563,0.577,0.592,0.573,0.562,0.58,0.561,0.563,0.582,0.557,0.537,0.545,0.557
33,0,0.447,0.447,0.436,0.44,0.443,0.442,0.444,0.445,0.437,0.402,0.401,0.404,0.401,0.402,0.397,0.397,0.394,0.397,0.074,0.076,0.075,0.08,0.08,0.082,0.076,0.077,0.082,0.263,0.268,0.28,0.265,0.264,0.275,0.266,0.26,0.282,0.514,0.502,0.5,0.498,0.484,0.492,0.501,0.5,0.482,0.502,0.501,0.498,0.493,0.493,0.487,0.501,0.497,0.49,0.265,0.27,0.257,0.265,0.266,0.263,0.265,0.268,0.263,0.401,0.42,0.425,0.408,0.423,0.418,0.4,0.408,0.423,0.622,0.62,0.605,0.587,0.582,0.575,0.595,0.602,0.573,0.598,0.604,0.593,0.594,0.59,0.579,0.567,0.572,0.564,0.601,0.616,0.595,0.582,0.601,0.566,0.581,0.596,0.576,0.567,0.583,0.564,0.568,0.587,0.56,0.541,0.549,0.56
33.5,0,0.453,0.453,0.442,0.444,0.448,0.449,0.452,0.453,0.446,0.408,0.406,0.411,0.408,0.409,0.404,0.404,0.401,0.403,0.076,0.078,0.076,0.081,0.082,0.085,0.077,0.078,0.084,0.268,0.275,0.288,0.273,0.271,0.284,0.273,0.268,0.291,0.522,0.51,0.507,0.504,0.49,0.499,0.509,0.509,0.491,0.508,0.507,0.505,0.501,0.501,0.494,0.509,0.505,0.497,0.266,0.271,0.258,0.265,0.266,0.264,0.265,0.268,0.263,0.408,0.426,0.433,0.413,0.428,0.427,0.407,0.415,0.432,0.627,0.624,0.61,0.591,0.586,0.581,0.6,0.607,0.58,0.606,0.609,0.598,0.6,0.596,0.585,0.573,0.578,0.569,0.607,0.623,0.597,0.588,0.609,0.571,0.585,0.599,0.58,0.572,0.588,0.568,0.574,0.593,0.568,0.548,0.554,0.57
34,0,0.457,0.456,0.446,0.446,0.451,0.451,0.454,0.456,0.447,0.412,0.408,0.414,0.412,0.413,0.406,0.406,0.403,0.406,0.076,0.078,0.076,0.081,0.082,0.085,0.077,0.078,0.084,0.271,0.28,0.292,0.276,0.276,0.287,0.277,0.271,0.294,0.526,0.515,0.513,0.508,0.495,0.502,0.512,0.513,0.495,0.514,0.508,0.51,0.506,0.507,0.498,0.511,0.509,0.501,0.265,0.269,0.256,0.264,0.265,0.263,0.263,0.266,0.262,0.413,0.428,0.434,0.418,0.431,0.429,0.409,0.417,0.435,0.631,0.627,0.612,0.594,0.589,0.582,0.602,0.609,0.583,0.606,0.613,0.6,0.605,0.601,0.589,0.575,0.581,0.573,0.611,0.627,0.6,0.591,0.611,0.573,0.586,0.603,0.583,0.572,0.591,0.569,0.575,0.596,0.57,0.55,0.557,0.572
34.5,0,0.458,0.458,0.447,0.449,0.454,0.454,0.456,0.456,0.448,0.412,0.41,0.416,0.413,0.415,0.409,0.408,0.406,0.41,0.076,0.077,0.075,0.08,0.081,0.083,0.078,0.078,0.082,0.272,0.282,0.292,0.279,0.279,0.289,0.281,0.273,0.295,0.53,0.518,0.515,0.512,0.499,0.506,0.517,0.516,0.497,0.517,0.512,0.512,0.509,0.508,0.501,0.516,0.513,0.505,0.262,0.267,0.254,0.262,0.263,0.261,0.262,0.265,0.26,0.412,0.428,0.435,0.42,0.432,0.43,0.411,0.419,0.435,0.63,0.627,0.613,0.594,0.589,0.582,0.602,0.609,0.581,0.606,0.611,0.601,0.604,0.6,0.59,0.577,0.582,0.575,0.611,0.627,0.604,0.593,0.612,0.576,0.588,0.605,0.584,0.57,0.586,0.567,0.577,0.597,0.569,0.55,0.555,0.571
35,0,0.46,0.46,0.45,0.452,0.457,0.454,0.456,0.458,0.449,0.417,0.414,0.421,0.417,0.419,0.41,0.409,0.408,0.411,0.076,0.077,0.076,0.08,0.081,0.083,0.077,0.078,0.083,0.275,0.286,0.298,0.284,0.283,0.291,0.283,0.276,0.297,0.533,0.523,0.52,0.516,0.503,0.507,0.519,0.519,0.499,0.522,0.517,0.518,0.514,0.513,0.504,0.519,0.516,0.508,0.261,0.266,0.254,0.261,0.262,0.259,0.26,0.263,0.258,0.415,0.428,0.439,0.423,0.435,0.432,0.415,0.422,0.437,0.634,0.632,0.614,0.596,0.591,0.583,0.602,0.61,0.582,0.608,0.616,0.601,0.607,0.602,0.592,0.578,0.583,0.577,0.616,0.632,0.604,0.595,0.615,0.577,0.59,0.607,0.587,0.57,0.591,0.566,0.58,0.599,0.569,0.551,0.555,0.571
35.5,0,0.465,0.465,0.454,0.457,0.461,0.459,0.462,0.464,0.453,0.419,0.417,0.425,0.421,0.423,0.414,0.415,0.413,0.416,0.075,0.077,0.076,0.081,0.082,0.084,0.077,0.078,0.083,0.279,0.29,0.302,0.287,0.287,0.296,0.288,0.281,0.301,0.538,0.527,0.525,0.523,0.508,0.513,0.526,0.526,0.504,0.525,0.521,0.522,0.519,0.518,0.509,0.525,0.521,0.513,0.26,0.265,0.252,0.26,0.262,0.259,0.259,0.264,0.259,0.417,0.433,0.443,0.427,0.438,0.437,0.419,0.427,0.44,0.638,0.635,0.619,0.601,0.596,0.586,0.606,0.614,0.584,0.609,0.617,0.603,0.61,0.605,0.594,0.582,0.586,0.579,0.619,0.632,0.609,0.6,0.619,0.582,0.595,0.611,0.59,0.571,0.59,0.567,0.581,0.6,0.571,0.553,0.556,0.572
36,0,0.469,0.469,0.459,0.46,0.464,0.462,0.467,0.468,0.457,0.424,0.422,0.429,0.426,0.428,0.419,0.419,0.417,0.419,0.076,0.078,0.077,0.082,0.083,0.085,0.078,0.079,0.084,0.284,0.295,0.305,0.292,0.293,0.302,0.293,0.286,0.307,0.545,0.534,0.532,0.526,0.513,0.518,0.531,0.532,0.51,0.531,0.528,0.527,0.525,0.525,0.514,0.529,0.527,0.519,0.261,0.266,0.254,0.261,0.263,0.259,0.26,0.264,0.259,0.421,0.436,0.444,0.431,0.443,0.443,0.423,0.431,0.448,0.642,0.641,0.624,0.605,0.6,0.591,0.611,0.619,0.589,0.611,0.617,0.606,0.613,0.608,0.597,0.584,0.589,0.583,0.622,0.637,0.611,0.603,0.624,0.586,0.599,0.614,0.593,0.569,0.589,0.569,0.582,0.602,0.573,0.554,0.558,0.577
36.5,0,0.47,0.471,0.46,0.461,0.467,0.463,0.468,0.469,0.458,0.428,0.425,0.43,0.427,0.431,0.42,0.421,0.419,0.421,0.076,0.078,0.076,0.08,0.081,0.083,0.077,0.078,0.083,0.287,0.295,0.308,0.294,0.295,0.302,0.295,0.288,0.308,0.546,0.537,0.535,0.529,0.516,0.519,0.534,0.534,0.511,0.536,0.531,0.53,0.527,0.527,0.516,0.533,0.53,0.521,0.26,0.264,0.252,0.259,0.261,0.258,0.258,0.262,0.257,0.429,0.433,0.446,0.435,0.444,0.443,0.425,0.433,0.448,0.644,0.641,0.624,0.608,0.603,0.592,0.613,0.621,0.591,0.612,0.616,0.605,0.613,0.608,0.597,0.585,0.59,0.583,0.622,0.637,0.612,0.605,0.624,0.588,0.602,0.616,0.597,0.568,0.587,0.567,0.582,0.601,0.571,0.553,0.557,0.574
37,0,0.473,0.474,0.464,0.464,0.468,0.465,0.47,0.471,0.461,0.428,0.426,0.434,0.43,0.433,0.422,0.423,0.421,0.424,0.076,0.078,0.076,0.081,0.082,0.083,0.077,0.079,0.083,0.287,0.302,0.31,0.298,0.299,0.304,0.297,0.29,0.31,0.554,0.542,0.54,0.534,0.52,0.523,0.538,0.538,0.515,0.537,0.533,0.534,0.531,0.531,0.519,0.536,0.534,0.524,0.259,0.265,0.252,0.258,0.261,0.257,0.258,0.261,0.256,0.425,0.445,0.451,0.437,0.45,0.446,0.427,0.436,0.45,0.647,0.644,0.625,0.61,0.605,0.596,0.615,0.623,0.594,0.609,0.615,0.604,0.613,0.608,0.597,0.585,0.59,0.583,0.624,0.638,0.614,0.606,0.625,0.588,0.603,0.618,0.598,0.568,0.586,0.566,0.581,0.601,0.569,0.552,0.555,0.572
37.5,0,0.477,0.478,0.466,0.467,0.471,0.469,0.475,0.476,0.465,0.431,0.432,0.437,0.434,0.436,0.428,0.427,0.426,0.429,0.077,0.079,0.077,0.082,0.083,0.085,0.079,0.08,0.084,0.292,0.303,0.313,0.301,0.303,0.31,0.301,0.295,0.316,0.557,0.547,0.544,0.537,0.523,0.527,0.544,0.545,0.519,0.541,0.539,0.537,0.535,0.535,0.525,0.541,0.538,0.53,0.26,0.265,0.253,0.258,0.261,0.258,0.258,0.262,0.257,0.428,0.442,0.449,0.439,0.454,0.453,0.432,0.44,0.457,0.65,0.646,0.629,0.613,0.608,0.6,0.62,0.628,0.599,0.611,0.616,0.605,0.614,0.607,0.599,0.586,0.59,0.585,0.627,0.639,0.614,0.606,0.626,0.59,0.606,0.62,0.601,0.566,0.588,0.566,0.583,0.6,0.572,0.552,0.555,0.576
38,0,0.478,0.479,0.468,0.469,0.475,0.472,0.476,0.477,0.467,0.434,0.432,0.441,0.435,0.439,0.429,0.43,0.429,0.431,0.077,0.079,0.077,0.081,0.082,0.084,0.078,0.079,0.084,0.292,0.306,0.314,0.303,0.305,0.311,0.303,0.297,0.317,0.562,0.549,0.547,0.541,0.527,0.531,0.547,0.547,0.522,0.545,0.541,0.542,0.538,0.538,0.528,0.546,0.542,0.532,0.258,0.263,0.251,0.257,0.26,0.257,0.257,0.261,0.256,0.43,0.447,0.454,0.442,0.455,0.453,0.435,0.444,0.458,0.65,0.646,0.628,0.614,0.609,0.602,0.622,0.629,0.6,0.608,0.615,0.605,0.612,0.606,0.598,0.586,0.589,0.584,0.625,0.637,0.616,0.606,0.624,0.591,0.609,0.621,0.601,0.567,0.586,0.565,0.58,0.599,0.57,0.552,0.554,0.574
38.5,0,0.481,0.482,0.472,0.472,0.476,0.474,0.479,0.48,0.469,0.437,0.436,0.443,0.439,0.443,0.432,0.433,0.432,0.434,0.077,0.079,0.077,0.081,0.083,0.085,0.078,0.079,0.084,0.295,0.309,0.317,0.306,0.308,0.313,0.306,0.299,0.319,0.567,0.554,0.552,0.545,0.531,0.534,0.551,0.551,0.525,0.548,0.545,0.545,0.542,0.542,0.531,0.549,0.545,0.535,0.258,0.263,0.251,0.257,0.26,0.258,0.257,0.261,0.256,0.431,0.45,0.457,0.445,0.458,0.455,0.438,0.445,0.46,0.651,0.648,0.629,0.615,0.61,0.605,0.624,0.631,0.602,0.608,0.614,0.604,0.612,0.606,0.597,0.585,0.589,0.584,0.626,0.638,0.616,0.606,0.625,0.591,0.61,0.622,0.603,0.566,0.585,0.563,0.58,0.599,0.568,0.551,0.553,0.572
39,0,0.484,0.485,0.474,0.477,0.481,0.478,0.484,0.484,0.474,0.44,0.44,0.449,0.442,0.446,0.437,0.437,0.435,0.438,0.077,0.079,0.077,0.082,0.083,0.085,0.079,0.08,0.085,0.302,0.314,0.323,0.31,0.313,0.316,0.309,0.302,0.322,0.571,0.559,0.555,0.55,0.535,0.539,0.556,0.556,0.531,0.551,0.55,0.551,0.545,0.546,0.536,0.553,0.549,0.54,0.258,0.263,0.252,0.257,0.26,0.258,0.257,0.262,0.257,0.438,0.461,0.464,0.449,0.465,0.459,0.441,0.449,0.464,0.652,0.647,0.63,0.618,0.612,0.607,0.627,0.633,0.606,0.61,0.615,0.604,0.612,0.606,0.598,0.585,0.588,0.584,0.626,0.637,0.616,0.607,0.625,0.593,0.611,0.622,0.604,0.568,0.586,0.562,0.58,0.599,0.568,0.55,0.552,0.572
39.5,0,0.489,0.49,0.478,0.48,0.485,0.48,0.488,0.488,0.476,0.445,0.443,0.448,0.446,0.45,0.439,0.44,0.439,0.441,0.077,0.079,0.077,0.082,0.083,0.085,0.079,0.08,0.085,0.303,0.312,0.324,0.312,0.314,0.318,0.31,0.304,0.325,0.573,0.564,0.562,0.554,0.539,0.542,0.561,0.561,0.533,0.556,0.552,0.55,0.549,0.549,0.538,0.556,0.552,0.543,0.257,0.263,0.251,0.257,0.259,0.257,0.256,0.261,0.256,0.441,0.451,0.457,0.453,0.464,0.461,0.442,0.452,0.466,0.654,0.65,0.631,0.618,0.613,0.608,0.629,0.635,0.606,0.606,0.614,0.603,0.611,0.606,0.598,0.584,0.588,0.584,0.627,0.639,0.617,0.608,0.625,0.593,0.612,0.623,0.605,0.565,0.586,0.561,0.579,0.599,0.568,0.55,0.552,0.571
40,0,0.489,0.49,0.479,0.48,0.485,0.482,0.489,0.49,0.478,0.444,0.444,0.448,0.447,0.451,0.442,0.442,0.441,0.443,0.078,0.08,0.078,0.082,0.083,0.085,0.079,0.081,0.085,0.302,0.312,0.322,0.314,0.316,0.321,0.313,0.307,0.327,0.575,0.565,0.562,0.556,0.54,0.544,0.563,0.563,0.535,0.556,0.554,0.551,0.551,0.552,0.541,0.559,0.555,0.545,0.257,0.263,0.251,0.256,0.259,0.257,0.256,0.261,0.256,0.437,0.447,0.453,0.451,0.466,0.464,0.445,0.454,0.469,0.649,0.645,0.629,0.615,0.61,0.608,0.629,0.633,0.607,0.605,0.609,0.601,0.609,0.603,0.596,0.584,0.587,0.583,0.622,0.636,0.614,0.605,0.623,0.591,0.61,0.62,0.604,0.559,0.579,0.561,0.577,0.595,0.567,0.548,0.551,0.571
40.5,0,0.492,0.493,0.482,0.483,0.489,0.484,0.492,0.493,0.481,0.447,0.446,0.454,0.45,0.455,0.444,0.446,0.444,0.446,0.077,0.079,0.078,0.082,0.083,0.085,0.079,0.081,0.085,0.304,0.318,0.325,0.316,0.319,0.323,0.315,0.309,0.329,0.58,0.569,0.567,0.559,0.545,0.547,0.567,0.566,0.538,0.558,0.556,0.555,0.554,0.555,0.544,0.562,0.559,0.549,0.257,0.263,0.251,0.256,0.26,0.256,0.256,0.261,0.256,0.437,0.452,0.461,0.455,0.468,0.466,0.449,0.458,0.472,0.649,0.645,0.628,0.616,0.61,0.608,0.629,0.634,0.607,0.604,0.61,0.602,0.609,0.603,0.595,0.583,0.587,0.582,0.623,0.635,0.615,0.604,0.623,0.59,0.611,0.621,0.602,0.56,0.58,0.562,0.576,0.595,0.566,0.548,0.551,0.57
41,0,0.497,0.498,0.487,0.486,0.491,0.49,0.496,0.499,0.485,0.452,0.453,0.457,0.455,0.459,0.449,0.45,0.449,0.451,0.079,0.081,0.08,0.083,0.085,0.087,0.081,0.083,0.086,0.31,0.32,0.33,0.32,0.323,0.328,0.32,0.314,0.335,0.584,0.574,0.573,0.562,0.547,0.552,0.573,0.573,0.544,0.562,0.561,0.56,0.559,0.559,0.548,0.566,0.562,0.553,0.258,0.264,0.252,0.257,0.26,0.258,0.257,0.262,0.257,0.447,0.46,0.464,0.46,0.474,0.473,0.453,0.463,0.478,0.651,0.648,0.631,0.617,0.61,0.61,0.631,0.636,0.61,0.607,0.611,0.603,0.609,0.603,0.596,0.584,0.588,0.583,0.625,0.638,0.615,0.605,0.623,0.59,0.611,0.62,0.602,0.56,0.583,0.562,0.576,0.595,0.568,0.549,0.552,0.573
41.5,0,0.502,0.502,0.489,0.491,0.497,0.494,0.502,0.503,0.491,0.461,0.455,0.458,0.46,0.464,0.454,0.456,0.451,0.455,0.079,0.083,0.081,0.084,0.085,0.088,0.081,0.083,0.087,0.314,0.321,0.335,0.323,0.326,0.332,0.322,0.316,0.338,0.589,0.579,0.577,0.568,0.553,0.556,0.577,0.578,0.548,0.571,0.567,0.559,0.562,0.563,0.552,0.57,0.566,0.557,0.26,0.265,0.253,0.258,0.261,0.26,0.258,0.263,0.258,0.455,0.456,0.463,0.465,0.475,0.475,0.455,0.464,0.481,0.653,0.647,0.631,0.617,0.612,0.611,0.631,0.637,0.612,0.607,0.614,0.603,0.61,0.605,0.597,0.584,0.587,0.584,0.627,0.639,0.614,0.607,0.624,0.592,0.612,0.621,0.605,0.559,0.585,0.562,0.576,0.596,0.569,0.549,0.552,0.575
42,0,0.499,0.501,0.489,0.49,0.497,0.489,0.498,0.5,0.486,0.456,0.456,0.459,0.459,0.463,0.451,0.451,0.45,0.453,0.078,0.082,0.08,0.082,0.084,0.086,0.08,0.082,0.085,0.312,0.322,0.329,0.323,0.327,0.329,0.32,0.315,0.334,0.589,0.578,0.576,0.568,0.553,0.552,0.575,0.577,0.545,0.566,0.564,0.561,0.562,0.563,0.549,0.568,0.564,0.555,0.257,0.264,0.251,0.256,0.26,0.256,0.255,0.26,0.255,0.448,0.457,0.461,0.462,0.477,0.472,0.454,0.463,0.477,0.647,0.642,0.625,0.614,0.609,0.605,0.626,0.632,0.606,0.603,0.608,0.598,0.607,0.601,0.592,0.58,0.584,0.579,0.621,0.634,0.61,0.602,0.621,0.587,0.608,0.617,0.6,0.555,0.578,0.557,0.574,0.594,0.562,0.544,0.548,0.567
42.5,0,0.505,0.506,0.493,0.494,0.501,0.496,0.507,0.508,0.493,0.46,0.46,0.463,0.464,0.468,0.459,0.459,0.457,0.46,0.079,0.083,0.081,0.084,0.086,0.088,0.082,0.084,0.087,0.314,0.325,0.335,0.326,0.329,0.335,0.327,0.32,0.342,0.594,0.584,0.581,0.572,0.557,0.56,0.583,0.583,0.552,0.57,0.567,0.564,0.567,0.567,0.557,0.575,0.571,0.562,0.259,0.265,0.253,0.257,0.261,0.26,0.258,0.263,0.259,0.447,0.455,0.464,0.464,0.478,0.479,0.46,0.47,0.485,0.647,0.643,0.63,0.614,0.609,0.608,0.63,0.635,0.609,0.603,0.608,0.602,0.608,0.602,0.595,0.582,0.586,0.582,0.622,0.634,0.613,0.603,0.621,0.59,0.61,0.62,0.603,0.556,0.579,0.562,0.573,0.593,0.567,0.548,0.551,0.573
43,0,0.502,0.506,0.495,0.494,0.5,0.493,0.505,0.506,0.49,0.459,0.459,0.463,0.464,0.468,0.457,0.457,0.456,0.458,0.079,0.082,0.08,0.082,0.084,0.085,0.081,0.083,0.084,0.314,0.323,0.331,0.325,0.329,0.333,0.324,0.318,0.339,0.593,0.583,0.582,0.573,0.557,0.557,0.581,0.582,0.55,0.568,0.566,0.564,0.566,0.566,0.555,0.574,0.57,0.56,0.257,0.263,0.251,0.256,0.259,0.256,0.256,0.26,0.255,0.45,0.459,0.461,0.464,0.478,0.476,0.458,0.468,0.481,0.645,0.641,0.624,0.611,0.607,0.604,0.625,0.631,0.603,0.601,0.606,0.596,0.605,0.598,0.59,0.578,0.582,0.577,0.621,0.633,0.609,0.6,0.618,0.585,0.606,0.616,0.597,0.553,0.578,0.556,0.571,0.591,0.562,0.543,0.546,0.566
43.5,0,0.51,0.511,0.499,0.499,0.506,0.499,0.51,0.513,0.496,0.467,0.466,0.469,0.468,0.473,0.462,0.462,0.462,0.463,0.081,0.083,0.082,0.085,0.086,0.087,0.082,0.085,0.087,0.318,0.331,0.341,0.33,0.334,0.338,0.329,0.323,0.344,0.599,0.59,0.588,0.577,0.563,0.563,0.587,0.589,0.557,0.576,0.572,0.568,0.57,0.571,0.559,0.578,0.574,0.564,0.259,0.266,0.254,0.257,0.262,0.259,0.257,0.262,0.258,0.455,0.462,0.468,0.468,0.482,0.48,0.461,0.472,0.486,0.647,0.642,0.627,0.613,0.608,0.605,0.628,0.633,0.607,0.602,0.608,0.599,0.606,0.6,0.592,0.58,0.584,0.579,0.621,0.632,0.61,0.601,0.62,0.586,0.607,0.617,0.599,0.556,0.579,0.559,0.574,0.592,0.563,0.545,0.549,0.57
44,0,0.511,0.512,0.501,0.499,0.507,0.501,0.512,0.513,0.498,0.466,0.464,0.468,0.47,0.475,0.464,0.465,0.464,0.466,0.081,0.083,0.081,0.083,0.085,0.087,0.083,0.084,0.086,0.317,0.33,0.338,0.33,0.335,0.337,0.329,0.324,0.343,0.601,0.591,0.588,0.579,0.563,0.566,0.589,0.59,0.558,0.575,0.57,0.566,0.571,0.571,0.561,0.581,0.576,0.566,0.258,0.264,0.251,0.257,0.26,0.258,0.257,0.262,0.257,0.452,0.457,0.467,0.469,0.481,0.479,0.462,0.472,0.485,0.643,0.639,0.624,0.61,0.604,0.604,0.624,0.629,0.604,0.599,0.606,0.597,0.603,0.597,0.59,0.578,0.582,0.577,0.618,0.63,0.609,0.599,0.616,0.586,0.605,0.615,0.597,0.554,0.577,0.557,0.57,0.591,0.561,0.543,0.547,0.566
44.5,0,0.517,0.517,0.506,0.503,0.51,0.503,0.516,0.518,0.501,0.47,0.471,0.475,0.474,0.479,0.467,0.468,0.467,0.469,0.082,0.085,0.083,0.085,0.086,0.088,0.084,0.085,0.087,0.32,0.334,0.343,0.333,0.338,0.342,0.333,0.327,0.349,0.605,0.595,0.594,0.582,0.567,0.568,0.593,0.594,0.562,0.578,0.575,0.572,0.575,0.576,0.564,0.583,0.58,0.57,0.26,0.266,0.254,0.258,0.262,0.259,0.258,0.262,0.258,0.454,0.462,0.469,0.471,0.485,0.483,0.465,0.475,0.489,0.645,0.641,0.625,0.61,0.605,0.604,0.626,0.631,0.605,0.601,0.608,0.598,0.605,0.599,0.591,0.579,0.583,0.578,0.619,0.632,0.608,0.598,0.617,0.585,0.605,0.615,0.598,0.555,0.579,0.557,0.571,0.591,0.563,0.544,0.548,0.569
45,0,0.52,0.52,0.508,0.506,0.514,0.509,0.521,0.522,0.507,0.473,0.474,0.478,0.477,0.482,0.472,0.474,0.472,0.474,0.083,0.085,0.083,0.085,0.087,0.089,0.085,0.086,0.088,0.322,0.336,0.345,0.335,0.34,0.345,0.335,0.329,0.352,0.61,0.599,0.596,0.586,0.57,0.574,0.597,0.598,0.567,0.581,0.577,0.574,0.577,0.578,0.569,0.588,0.583,0.573,0.26,0.266,0.254,0.258,0.262,0.26,0.259,0.264,0.259,0.456,0.464,0.471,0.472,0.486,0.485,0.466,0.476,0.492,0.644,0.639,0.625,0.61,0.604,0.605,0.626,0.631,0.606,0.6,0.606,0.599,0.604,0.599,0.591,0.58,0.583,0.579,0.619,0.63,0.607,0.599,0.616,0.585,0.606,0.614,0.597,0.554,0.578,0.556,0.571,0.59,0.564,0.544,0.548,0.57
45.5,0,0.524,0.523,0.51,0.509,0.515,0.509,0.522,0.524,0.508,0.479,0.479,0.48,0.48,0.485,0.473,0.474,0.473,0.475,0.083,0.085,0.083,0.085,0.086,0.089,0.085,0.086,0.087,0.326,0.336,0.347,0.338,0.341,0.346,0.337,0.331,0.352,0.61,0.601,0.598,0.589,0.573,0.575,0.599,0.601,0.568,0.587,0.581,0.574,0.58,0.581,0.569,0.589,0.585,0.574,0.26,0.267,0.254,0.258,0.262,0.26,0.258,0.263,0.259,0.465,0.464,0.468,0.473,0.487,0.486,0.467,0.478,0.492,0.643,0.638,0.624,0.609,0.604,0.603,0.624,0.629,0.605,0.601,0.606,0.598,0.604,0.598,0.589,0.578,0.582,0.577,0.618,0.629,0.606,0.598,0.616,0.584,0.603,0.613,0.596,0.553,0.578,0.556,0.57,0.59,0.563,0.544,0.548,0.569
46,0,0.524,0.525,0.513,0.51,0.518,0.51,0.523,0.525,0.508,0.478,0.479,0.483,0.481,0.486,0.475,0.477,0.475,0.477,0.082,0.084,0.083,0.084,0.086,0.088,0.084,0.086,0.087,0.325,0.338,0.345,0.338,0.343,0.345,0.337,0.33,0.351,0.614,0.603,0.602,0.59,0.574,0.576,0.6,0.601,0.569,0.582,0.581,0.58,0.58,0.58,0.57,0.59,0.586,0.575,0.259,0.266,0.253,0.257,0.261,0.259,0.257,0.263,0.258,0.46,0.47,0.472,0.475,0.49,0.483,0.467,0.477,0.489,0.641,0.637,0.62,0.607,0.602,0.6,0.621,0.625,0.601,0.599,0.605,0.595,0.6,0.595,0.587,0.575,0.579,0.574,0.616,0.629,0.604,0.595,0.613,0.581,0.602,0.611,0.594,0.553,0.578,0.552,0.57,0.589,0.559,0.541,0.544,0.564
46.5,0,0.531,0.531,0.519,0.514,0.522,0.517,0.53,0.532,0.515,0.484,0.483,0.486,0.487,0.493,0.48,0.482,0.481,0.483,0.084,0.086,0.084,0.086,0.087,0.09,0.086,0.087,0.088,0.327,0.339,0.35,0.341,0.346,0.35,0.342,0.336,0.357,0.618,0.609,0.607,0.594,0.579,0.583,0.605,0.607,0.575,0.589,0.582,0.579,0.586,0.585,0.575,0.596,0.59,0.58,0.261,0.268,0.255,0.259,0.263,0.262,0.26,0.266,0.26,0.464,0.465,0.472,0.477,0.491,0.489,0.471,0.482,0.496,0.643,0.638,0.624,0.607,0.602,0.603,0.624,0.629,0.603,0.598,0.606,0.598,0.603,0.598,0.589,0.577,0.581,0.576,0.617,0.629,0.606,0.597,0.615,0.583,0.604,0.614,0.595,0.551,0.578,0.556,0.569,0.59,0.563,0.544,0.548,0.568
47,0,0.533,0.533,0.522,0.519,0.528,0.521,0.536,0.536,0.519,0.49,0.488,0.488,0.491,0.497,0.484,0.484,0.483,0.487,0.083,0.086,0.085,0.087,0.088,0.091,0.086,0.088,0.09,0.333,0.336,0.344,0.344,0.347,0.353,0.344,0.337,0.359,0.621,0.609,0.605,0.598,0.583,0.586,0.611,0.611,0.578,0.593,0.584,0.583,0.59,0.586,0.579,0.597,0.592,0.582,0.261,0.268,0.256,0.26,0.264,0.262,0.26,0.265,0.26,0.471,0.474,0.466,0.48,0.491,0.49,0.472,0.483,0.496,0.64,0.636,0.625,0.609,0.602,0.601,0.624,0.629,0.603,0.598,0.604,0.598,0.603,0.597,0.589,0.576,0.581,0.577,0.616,0.627,0.606,0.595,0.614,0.582,0.603,0.612,0.595,0.55,0.579,0.557,0.572,0.589,0.563,0.544,0.548,0.569
47.5,0,0.532,0.535,0.522,0.519,0.528,0.52,0.534,0.535,0.518,0.485,0.485,0.486,0.49,0.497,0.482,0.485,0.484,0.486,0.083,0.086,0.085,0.085,0.087,0.089,0.085,0.087,0.088,0.327,0.335,0.344,0.342,0.348,0.35,0.343,0.337,0.356,0.621,0.611,0.609,0.597,0.583,0.584,0.608,0.611,0.577,0.589,0.583,0.578,0.587,0.587,0.577,0.598,0.593,0.582,0.26,0.267,0.254,0.258,0.263,0.261,0.259,0.264,0.259,0.463,0.465,0.465,0.479,0.49,0.486,0.471,0.482,0.492,0.638,0.633,0.618,0.605,0.599,0.597,0.619,0.623,0.599,0.596,0.598,0.595,0.6,0.594,0.585,0.573,0.578,0.572,0.612,0.623,0.603,0.592,0.61,0.579,0.599,0.609,0.592,0.547,0.573,0.552,0.568,0.586,0.557,0.541,0.544,0.563
48,0,0.536,0.539,0.525,0.522,0.532,0.521,0.538,0.537,0.52,0.488,0.49,0.493,0.494,0.499,0.486,0.488,0.486,0.489,0.083,0.086,0.085,0.085,0.087,0.089,0.084,0.087,0.088,0.328,0.34,0.346,0.344,0.35,0.352,0.344,0.338,0.357,0.624,0.614,0.611,0.6,0.587,0.586,0.611,0.613,0.58,0.59,0.586,0.584,0.59,0.59,0.579,0.599,0.595,0.583,0.26,0.267,0.255,0.259,0.263,0.26,0.258,0.264,0.259,0.464,0.473,0.47,0.478,0.491,0.488,0.471,0.482,0.494,0.637,0.632,0.618,0.605,0.599,0.596,0.618,0.622,0.596,0.597,0.599,0.594,0.599,0.593,0.585,0.572,0.577,0.572,0.611,0.622,0.602,0.592,0.61,0.578,0.598,0.608,0.59,0.549,0.575,0.551,0.567,0.586,0.557,0.54,0.543,0.564