seqnames,start,end,width,strand,score,peak_rank,hit,overlap,name
NC_013967.1,2477389,2477500,112,+,821.69,1,genic,112,NA
NC_013967.1,2477501,2477624,124,+,821.69,1,promoter,124,promoter
NC_013967.1,2477625,2477689,65,+,821.69,1,genic,65,NA
NC_013966.1,487248,487391,144,+,753.78,2,genic,144,NA
NC_013966.1,487392,487393,2,+,753.78,2,promoter,2,promoter
NC_013966.1,487394,487548,155,+,753.78,2,genic,155,NA
NC_013967.1,1159565,1159675,111,-,627.86,3,genic,111,NA
NC_013967.1,1159676,1159865,190,-,627.86,3,promoter,190,promoter
NC_013967.1,426417,426604,188,+,397.76,4,promoter,188,promoter
NC_013967.1,426605,426717,113,+,397.76,4,genic,113,NA
NC_013967.1,426417,426604,188,-,397.76,4,promoter,188,promoter
NC_013966.1,49327,49555,229,+,372.54,5,genic,229,NA
NC_013966.1,49569,49627,59,-,372.54,5,genic,59,NA
NC_013966.1,49556,49568,13,*,372.54,5,intergenic,13,intergenic
NC_013967.1,814102,814277,176,+,344.41,6,promoter,176,promoter
NC_013967.1,814278,814281,4,+,344.41,6,genic,4,NA
NC_013967.1,813981,814101,121,-,344.41,6,genic,121,NA
NC_013967.1,814102,814277,176,-,344.41,6,promoter,176,promoter
NC_013966.1,462546,462631,86,+,327.58,7,genic,86,NA
NC_013966.1,462632,462731,100,+,327.58,7,promoter,100,promoter
NC_013966.1,462732,462846,115,+,327.58,7,genic,115,NA
NC_013966.1,364736,364761,26,+,312.7,8,promoter,26,promoter
NC_013966.1,364461,364735,275,*,312.7,8,intergenic,275,intergenic
NC_013964.1,329381,329579,199,+,303.25,9,promoter,199,promoter
NC_013964.1,329580,329619,40,+,303.25,9,genic,40,NA
NC_013964.1,329319,329380,62,-,303.25,9,genic,62,NA
NC_013964.1,329381,329579,199,-,303.25,9,promoter,199,promoter
